Workbook

Sheet Report
A1: MASS WIRE AND STEELS PVT. LTD., BHIWADI
A2: Daily production report: pusher furnace line
A3: Format MWSPL-F-PROD-01 rev 00 · one workbook per furnace and production day · enter the trays in the Tray log, the pauses of the push cycle in Holds, set-value / push changes in Parameter changes.
A5: Report identification | D5: Production in this day (trays out of the tempering chamber) | G5: Sign-off
A6: Furnace | B6: F-02 | D6: Trays out (loaded and mixed) | E6: =COUNTIFS('Tray log'!$Y$7:$Y$306,$B$7,'Tray log'!$B$7:$B$306,"Loaded")+COUNTIFS('Tray log'!$Y$7:$Y$306,$B$7,'Tray log'!$B$7:$B$306,"Mixed") -> 43 | G6: Entered by (shift operator) | H6: A. Kumar (example)
A7: Production date (day of exit) | B7: 46320 | D7: Empty trays out (separators) | E7: =COUNTIFS('Tray log'!$Y$7:$Y$306,$B$7,'Tray log'!$B$7:$B$306,"Empty") -> 2 | G7: Shift in-charge: shift A
A8: Production day from | B8: =B7+Settings!$B$6 -> 46320.333 | D8: Pieces out | E8: =SUMIFS('Tray log'!$J$7:$J$306,'Tray log'!$Y$7:$Y$306,$B$7)+SUMIFS('Tray log'!$N$7:$N$306,'Tray log'!$Y$7:$Y$306,$B$7) -> 1731 | G8: Shift in-charge: shift B
A9: Production day to | B9: =B8+1 -> 46321.333 | D9: Net weight out (kg, calculated) | E9: =SUMIFS('Tray log'!$R$7:$R$306,'Tray log'!$Y$7:$Y$306,$B$7) -> 3875.4 | G9: Shift in-charge: shift C
A10: Report no. | B10: PR-0001 | D10: of which hardening & tempering (kg) | E10: =SUMIFS('Tray log'!$R$7:$R$306,'Tray log'!$Y$7:$Y$306,$B$7,'Tray log'!$O$7:$O$306,"HT") -> 1944 | G10: Checked by (Production Manager)
A11: Line start: first tray of the tray log enters | B11: 46320.25 | D11: of which isothermal annealing (kg) | E11: =SUMIFS('Tray log'!$R$7:$R$306,'Tray log'!$Y$7:$Y$306,$B$7,'Tray log'!$O$7:$O$306,"IA") -> 1344 | G11: Approved on
A12: Push time at the start (min) | B12: 9 | D12: of which normalizing (kg) | E12: =SUMIFS('Tray log'!$R$7:$R$306,'Tray log'!$Y$7:$Y$306,$B$7,'Tray log'!$O$7:$O$306,"NORM") -> 587.4 | G12: Remarks
D13: Rework trays out (re-heat-treatment) | E13: =COUNTIFS('Tray log'!$Y$7:$Y$306,$B$7,'Tray log'!$S$7:$S$306,"?*") -> 4
D14: Trays with a check flag | E14: =COUNTIFS('Tray log'!$Y$7:$Y$306,$B$7,'Tray log'!$AA$7:$AA$306,"?*") -> 0
D15: Push cycle on hold in the day (min) | E15: =SUMIFS(Holds!$F$7:$F$46,Holds!$B$7:$B$46,">="&$B$8,Holds!$B$7:$B$46,"<"&$B$9) -> 40
D16: Holds still open (no restart time) | E16: =COUNTIFS(Holds!$B$7:$B$46,"<>",Holds!$C$7:$C$46,"") -> 0
D17: Parameter changes in the day | E17: =COUNTIFS('Parameter changes'!$B$7:$B$46,">="&$B$8,'Parameter changes'!$B$7:$B$46,"<"&$B$9) -> 1
D18: Last tray out (calculated) | E18: =IF(B6="","",_xlfn.MAXIFS('Tray log'!$W$7:$W$306,'Tray log'!$Y$7:$Y$306,$B$7)) -> 46320.763
D19: Last tray out (actual, from the unloading) | E19: 46320.765
D20: Difference actual − calculated (min) | E20: =IF(OR(E19="",E18="",E18=0),"",ROUND((E19-E18)*1440,0)) -> 3
D21: Timing check | E21: =IF(E20="","",IF(ABS(E20)<=Settings!$B$11,"OK","Check start, push, push changes, holds")) -> OK
A23: Batches out in this day
A24: See the Batches sheet: one row per part + batch + heat (rework separately), with trays, pieces and kg out in this day, entry, calculated and actual last tray out, weighed weight.
A26: How to use this format
A27: Yellow cells with blue text | B27: Entries. Type or pick from the drop-down.
A28: Grey cells with black text | B28: Formulas: do not type over them (the gap of an isothermal annealing part on the Parts sheet is the one exception).
A29: Example rows | B29: Every sheet holds a few example rows (part numbers EX-…, names marked example). Delete them before the first real report.
A30: 1 · Parts | B30: Copy each part from its process specification in force: process, pieces per tray, part weight, push time, gap between the chambers.
A31: 2 · Report | B31: Furnace, production date, report no., the time the first tray of the tray log entered and the push time then.
A32: 3 · Tray log | B32: One row per tray in the order the trays enter the hardening chamber, including empty separator trays. A mixed tray uses the second part columns. Type an actual entry time only for a tray that entered off the push cycle; change the push time on the tray from which it changed.
A33: 4 · Holds | B33: Every pause of the push cycle (from, to, reason). The push timer stops during a hold: the formulas shift the following trays.
A34: 5 · Parameter changes | B34: Set value, push, controlled cooling or quench changes with time, from / to and reason.
A35: 6 · Batches | B35: One row per part + batch + heat; record the actual time the last tray of the batch left the tempering chamber and the weighed weight.
A36: Line timing | B36: Out of the hardening chamber = entry of the tray 13 positions later; out of the tempering chamber = entry of the tray 25 positions later + the gap (transfer 18 min for HT / normalizing, the controlled cooling cycle for isothermal annealing). Rows near the end of the log, without 25 trays after them, are estimated from the push time (Basis = estimate).
A37: Production day | B37: A tray counts in the day in which it leaves the tempering chamber, from 08:00 to 08:00 the next day, whichever day it was loaded.
A38: N/A | B38: "N/A" means not available: type it where a batch, heat or heat code is not known. It is an entry, not an identity: two N/A batches are not the same batch.

Sheet Tray log
A1: MASS WIRE AND STEELS PVT. LTD., BHIWADI
A2: Tray log: one row per tray, in the order the trays enter the hardening chamber
A3: Empty separator trays are rows too (type Empty). Times are calculated from the line start, the push time and the holds; type an actual entry only for a tray off the cycle.
A6: Tray no. | B6: Tray type | C6: Actual entry (only if off cycle) | D6: Push time from this tray (min) | E6: Entry into hardening (calc) | F6: Part no. 1 | G6: Batch no. 1 | H6: Heat no. 1 | I6: Heat code 1 | J6: Pieces 1 | K6: Part no. 2 (mixed tray) | L6: Batch no. 2 | M6: Heat no. 2 | N6: Pieces 2 | O6: Process | P6: Pieces per tray (spec) | Q6: Tray load (% of spec) | R6: Net weight (kg) | S6: Rework ref. (NCR / report) | T6: Rework reason | U6: Gap (min) | V6: Out of hardening (calc) | W6: Out of tempering (calc) | X6: Basis | Y6: Production day (exit) | Z6: Note | AA6: Check flags
A7: =IF(B7="","",COUNTA(B$7:B7)) -> 1 | B7: Loaded | D7: =Report!B12 -> 9 | E7: =IF(B7="","",IF(C7<>"",C7,Report!$B$11)) -> 46320.25 | F7: EX-1001 | G7: B-102 | H7: H-5521 | I7: C7 | J7: 60 | O7: =IF(F7="","",IFERROR(INDEX(Parts!$C$6:$C$45,MATCH(F7,Parts!$A$6:$A$45,0)),"")) -> HT | P7: =IF(F7="","",IFERROR(INDEX(Parts!$E$6:$E$45,MATCH(F7,Parts!$A$6:$A$45,0)),"")) -> 60 | Q7: =IF(OR(J7="",P7="",P7=0),"",J7/P7+IF(OR(N7="",K7=""),0,IFERROR(N7/INDEX(Parts!$E$6:$E$45,MATCH(K7,Parts!$A$6:$A$45,0)),0))) -> 1 | R7: =IF(B7="","",IF(J7="",0,J7*IFERROR(INDEX(Parts!$F$6:$F$45,MATCH(F7,Parts!$A$6:$A$45,0)),0))+IF(N7="",0,N7*IFERROR(INDEX(Parts!$F$6:$F$45,MATCH(K7,Parts!$A$6:$A$45,0)),0))) -> 108 | U7: =IF(B7="","",IF(F7="",Settings!$B$9,IFERROR(INDEX(Parts!$H$6:$H$45,MATCH(F7,Parts!$A$6:$A$45,0))+0,Settings!$B$9))) -> 18 | V7: =IF(B7="","",IF(INDEX($E$7:$E$336,ROW()-6+Settings!$B$7)<>"",INDEX($E$7:$E$336,ROW()-6+Settings!$B$7),E7+Settings!$B$7*D7/1440)) -> 46320.334 | W7: =IF(B7="","",IF(INDEX($E$7:$E$336,ROW()-6+Settings!$B$7+Settings!$B$8)<>"",INDEX($E$7:$E$336,ROW()-6+Settings!$B$7+Settings!$B$8),E7+(Settings!$B$7+Settings!$B$8)*D7/1440)+U7/1440) -> 46320.458 | X7: =IF(B7="","",IF(INDEX($E$7:$E$336,ROW()-6+Settings!$B$7+Settings!$B$8)<>"","line","estimate")) -> line | Y7: =IF(B7="","",INT(W7-Settings!$B$6)) -> 46320 | Z7: Example rows: delete before use | AA7: =IF(B7="","",IF(AND(B7<>"Empty",F7=""),"part missing; ","")&IF(AND(F7<>"",J7=""),"pieces missing; ","")&IF(AND(F7<>"",O7=""),"part not on the Parts sheet; ","")&IF(AND(B7="Empty",OR(F7<>"",K7<>"")),"empty tray with parts; ","")&IF(AND(B7="Loaded",K7<>""),"second part: type Mixed; ","")&IF(AND(Q7<>"",N(Q7)>1),"over 100 % of the spec load; ","")&IF(N(R7)>Settings!$B$10,"over the tray maximum (kg); ","")&IF(AND(K7<>"",IFERROR(INDEX(Parts!$C$6:$C$45,MATCH(K7,Parts!$A$6:$A$45,0)),O7)<>O7),"different processes in one tray; ","")&IF(AND(S7<>"",T7=""),"rework reason missing; ",""))
A8: =IF(B8="","",COUNTA(B$7:B8)) -> 2 | B8: Loaded | D8: =IF(B8="","",IF(D7="",Report!$B$12,D7)) -> 9 | E8: =IF(B8="","",IF(C8<>"",C8,E7+D7/1440+SUMIFS(Holds!$F$7:$F$46,Holds!$B$7:$B$46,">="&E7,Holds!$B$7:$B$46,"<"&E7+D7/1440)/1440)) -> 46320.256 | F8: EX-1001 | G8: B-102 | H8: H-5521 | I8: C7 | J8: 60 | O8: =IF(F8="","",IFERROR(INDEX(Parts!$C$6:$C$45,MATCH(F8,Parts!$A$6:$A$45,0)),"")) -> HT | P8: =IF(F8="","",IFERROR(INDEX(Parts!$E$6:$E$45,MATCH(F8,Parts!$A$6:$A$45,0)),"")) -> 60 | Q8: =IF(OR(J8="",P8="",P8=0),"",J8/P8+IF(OR(N8="",K8=""),0,IFERROR(N8/INDEX(Parts!$E$6:$E$45,MATCH(K8,Parts!$A$6:$A$45,0)),0))) -> 1 | R8: =IF(B8="","",IF(J8="",0,J8*IFERROR(INDEX(Parts!$F$6:$F$45,MATCH(F8,Parts!$A$6:$A$45,0)),0))+IF(N8="",0,N8*IFERROR(INDEX(Parts!$F$6:$F$45,MATCH(K8,Parts!$A$6:$A$45,0)),0))) -> 108 | U8: =IF(B8="","",IF(F8="",Settings!$B$9,IFERROR(INDEX(Parts!$H$6:$H$45,MATCH(F8,Parts!$A$6:$A$45,0))+0,Settings!$B$9))) -> 18 | V8: =IF(B8="","",IF(INDEX($E$7:$E$336,ROW()-6+Settings!$B$7)<>"",INDEX($E$7:$E$336,ROW()-6+Settings!$B$7),E8+Settings!$B$7*D8/1440)) -> 46320.341 | W8: =IF(B8="","",IF(INDEX($E$7:$E$336,ROW()-6+Settings!$B$7+Settings!$B$8)<>"",INDEX($E$7:$E$336,ROW()-6+Settings!$B$7+Settings!$B$8),E8+(Settings!$B$7+Settings!$B$8)*D8/1440)+U8/1440) -> 46320.465 | X8: =IF(B8="","",IF(INDEX($E$7:$E$336,ROW()-6+Settings!$B$7+Settings!$B$8)<>"","line","estimate")) -> line | Y8: =IF(B8="","",INT(W8-Settings!$B$6)) -> 46320 | AA8: =IF(B8="","",IF(AND(B8<>"Empty",F8=""),"part missing; ","")&IF(AND(F8<>"",J8=""),"pieces missing; ","")&IF(AND(F8<>"",O8=""),"part not on the Parts sheet; ","")&IF(AND(B8="Empty",OR(F8<>"",K8<>"")),"empty tray with parts; ","")&IF(AND(B8="Loaded",K8<>""),"second part: type Mixed; ","")&IF(AND(Q8<>"",N(Q8)>1),"over 100 % of the spec load; ","")&IF(N(R8)>Settings!$B$10,"over the tray maximum (kg); ","")&IF(AND(K8<>"",IFERROR(INDEX(Parts!$C$6:$C$45,MATCH(K8,Parts!$A$6:$A$45,0)),O8)<>O8),"different processes in one tray; ","")&IF(AND(S8<>"",T8=""),"rework reason missing; ",""))
A9: =IF(B9="","",COUNTA(B$7:B9)) -> 3 | B9: Loaded | D9: =IF(B9="","",IF(D8="",Report!$B$12,D8)) -> 9 | E9: =IF(B9="","",IF(C9<>"",C9,E8+D8/1440+SUMIFS(Holds!$F$7:$F$46,Holds!$B$7:$B$46,">="&E8,Holds!$B$7:$B$46,"<"&E8+D8/1440)/1440)) -> 46320.262 | F9: EX-1001 | G9: B-102 | H9: H-5521 | I9: C7 | J9: 60 | O9: =IF(F9="","",IFERROR(INDEX(Parts!$C$6:$C$45,MATCH(F9,Parts!$A$6:$A$45,0)),"")) -> HT | P9: =IF(F9="","",IFERROR(INDEX(Parts!$E$6:$E$45,MATCH(F9,Parts!$A$6:$A$45,0)),"")) -> 60 | Q9: =IF(OR(J9="",P9="",P9=0),"",J9/P9+IF(OR(N9="",K9=""),0,IFERROR(N9/INDEX(Parts!$E$6:$E$45,MATCH(K9,Parts!$A$6:$A$45,0)),0))) -> 1 | R9: =IF(B9="","",IF(J9="",0,J9*IFERROR(INDEX(Parts!$F$6:$F$45,MATCH(F9,Parts!$A$6:$A$45,0)),0))+IF(N9="",0,N9*IFERROR(INDEX(Parts!$F$6:$F$45,MATCH(K9,Parts!$A$6:$A$45,0)),0))) -> 108 | U9: =IF(B9="","",IF(F9="",Settings!$B$9,IFERROR(INDEX(Parts!$H$6:$H$45,MATCH(F9,Parts!$A$6:$A$45,0))+0,Settings!$B$9))) -> 18 | V9: =IF(B9="","",IF(INDEX($E$7:$E$336,ROW()-6+Settings!$B$7)<>"",INDEX($E$7:$E$336,ROW()-6+Settings!$B$7),E9+Settings!$B$7*D9/1440)) -> 46320.348 | W9: =IF(B9="","",IF(INDEX($E$7:$E$336,ROW()-6+Settings!$B$7+Settings!$B$8)<>"",INDEX($E$7:$E$336,ROW()-6+Settings!$B$7+Settings!$B$8),E9+(Settings!$B$7+Settings!$B$8)*D9/1440)+U9/1440) -> 46320.472 | X9: =IF(B9="","",IF(INDEX($E$7:$E$336,ROW()-6+Settings!$B$7+Settings!$B$8)<>"","line","estimate")) -> line | Y9: =IF(B9="","",INT(W9-Settings!$B$6)) -> 46320 | AA9: =IF(B9="","",IF(AND(B9<>"Empty",F9=""),"part missing; ","")&IF(AND(F9<>"",J9=""),"pieces missing; ","")&IF(AND(F9<>"",O9=""),"part not on the Parts sheet; ","")&IF(AND(B9="Empty",OR(F9<>"",K9<>"")),"empty tray with parts; ","")&IF(AND(B9="Loaded",K9<>""),"second part: type Mixed; ","")&IF(AND(Q9<>"",N(Q9)>1),"over 100 % of the spec load; ","")&IF(N(R9)>Settings!$B$10,"over the tray maximum (kg); ","")&IF(AND(K9<>"",IFERROR(INDEX(Parts!$C$6:$C$45,MATCH(K9,Parts!$A$6:$A$45,0)),O9)<>O9),"different processes in one tray; ","")&IF(AND(S9<>"",T9=""),"rework reason missing; ",""))
A10: =IF(B10="","",COUNTA(B$7:B10)) -> 4 | B10: Loaded | D10: =IF(B10="","",IF(D9="",Report!$B$12,D9)) -> 9 | E10: =IF(B10="","",IF(C10<>"",C10,E9+D9/1440+SUMIFS(Holds!$F$7:$F$46,Holds!$B$7:$B$46,">="&E9,Holds!$B$7:$B$46,"<"&E9+D9/1440)/1440)) -> 46320.269 | F10: EX-1001 | G10: B-102 | H10: H-5521 | I10: C7 | J10: 60 | O10: =IF(F10="","",IFERROR(INDEX(Parts!$C$6:$C$45,MATCH(F10,Parts!$A$6:$A$45,0)),"")) -> HT | P10: =IF(F10="","",IFERROR(INDEX(Parts!$E$6:$E$45,MATCH(F10,Parts!$A$6:$A$45,0)),"")) -> 60 | Q10: =IF(OR(J10="",P10="",P10=0),"",J10/P10+IF(OR(N10="",K10=""),0,IFERROR(N10/INDEX(Parts!$E$6:$E$45,MATCH(K10,Parts!$A$6:$A$45,0)),0))) -> 1 | R10: =IF(B10="","",IF(J10="",0,J10*IFERROR(INDEX(Parts!$F$6:$F$45,MATCH(F10,Parts!$A$6:$A$45,0)),0))+IF(N10="",0,N10*IFERROR(INDEX(Parts!$F$6:$F$45,MATCH(K10,Parts!$A$6:$A$45,0)),0))) -> 108 | U10: =IF(B10="","",IF(F10="",Settings!$B$9,IFERROR(INDEX(Parts!$H$6:$H$45,MATCH(F10,Parts!$A$6:$A$45,0))+0,Settings!$B$9))) -> 18 | V10: =IF(B10="","",IF(INDEX($E$7:$E$336,ROW()-6+Settings!$B$7)<>"",INDEX($E$7:$E$336,ROW()-6+Settings!$B$7),E10+Settings!$B$7*D10/1440)) -> 46320.355 | W10: =IF(B10="","",IF(INDEX($E$7:$E$336,ROW()-6+Settings!$B$7+Settings!$B$8)<>"",INDEX($E$7:$E$336,ROW()-6+Settings!$B$7+Settings!$B$8),E10+(Settings!$B$7+Settings!$B$8)*D10/1440)+U10/1440) -> 46320.478 | X10: =IF(B10="","",IF(INDEX($E$7:$E$336,ROW()-6+Settings!$B$7+Settings!$B$8)<>"","line","estimate")) -> line | Y10: =IF(B10="","",INT(W10-Settings!$B$6)) -> 46320 | AA10: =IF(B10="","",IF(AND(B10<>"Empty",F10=""),"part missing; ","")&IF(AND(F10<>"",J10=""),"pieces missing; ","")&IF(AND(F10<>"",O10=""),"part not on the Parts sheet; ","")&IF(AND(B10="Empty",OR(F10<>"",K10<>"")),"empty tray with parts; ","")&IF(AND(B10="Loaded",K10<>""),"second part: type Mixed; ","")&IF(AND(Q10<>"",N(Q10)>1),"over 100 % of the spec load; ","")&IF(N(R10)>Settings!$B$10,"over the tray maximum (kg); ","")&IF(AND(K10<>"",IFERROR(INDEX(Parts!$C$6:$C$45,MATCH(K10,Parts!$A$6:$A$45,0)),O10)<>O10),"different processes in one tray; ","")&IF(AND(S10<>"",T10=""),"rework reason missing; ",""))
A11: =IF(B11="","",COUNTA(B$7:B11)) -> 5 | B11: Loaded | D11: =IF(B11="","",IF(D10="",Report!$B$12,D10)) -> 9 | E11: =IF(B11="","",IF(C11<>"",C11,E10+D10/1440+SUMIFS(Holds!$F$7:$F$46,Holds!$B$7:$B$46,">="&E10,Holds!$B$7:$B$46,"<"&E10+D10/1440)/1440)) -> 46320.275 | F11: EX-1001 | G11: B-102 | H11: H-5521 | I11: C7 | J11: 60 | O11: =IF(F11="","",IFERROR(INDEX(Parts!$C$6:$C$45,MATCH(F11,Parts!$A$6:$A$45,0)),"")) -> HT | P11: =IF(F11="","",IFERROR(INDEX(Parts!$E$6:$E$45,MATCH(F11,Parts!$A$6:$A$45,0)),"")) -> 60 | Q11: =IF(OR(J11="",P11="",P11=0),"",J11/P11+IF(OR(N11="",K11=""),0,IFERROR(N11/INDEX(Parts!$E$6:$E$45,MATCH(K11,Parts!$A$6:$A$45,0)),0))) -> 1 | R11: =IF(B11="","",IF(J11="",0,J11*IFERROR(INDEX(Parts!$F$6:$F$45,MATCH(F11,Parts!$A$6:$A$45,0)),0))+IF(N11="",0,N11*IFERROR(INDEX(Parts!$F$6:$F$45,MATCH(K11,Parts!$A$6:$A$45,0)),0))) -> 108 | U11: =IF(B11="","",IF(F11="",Settings!$B$9,IFERROR(INDEX(Parts!$H$6:$H$45,MATCH(F11,Parts!$A$6:$A$45,0))+0,Settings!$B$9))) -> 18 | V11: =IF(B11="","",IF(INDEX($E$7:$E$336,ROW()-6+Settings!$B$7)<>"",INDEX($E$7:$E$336,ROW()-6+Settings!$B$7),E11+Settings!$B$7*D11/1440)) -> 46320.362 | W11: =IF(B11="","",IF(INDEX($E$7:$E$336,ROW()-6+Settings!$B$7+Settings!$B$8)<>"",INDEX($E$7:$E$336,ROW()-6+Settings!$B$7+Settings!$B$8),E11+(Settings!$B$7+Settings!$B$8)*D11/1440)+U11/1440) -> 46320.485 | X11: =IF(B11="","",IF(INDEX($E$7:$E$336,ROW()-6+Settings!$B$7+Settings!$B$8)<>"","line","estimate")) -> line | Y11: =IF(B11="","",INT(W11-Settings!$B$6)) -> 46320 | AA11: =IF(B11="","",IF(AND(B11<>"Empty",F11=""),"part missing; ","")&IF(AND(F11<>"",J11=""),"pieces missing; ","")&IF(AND(F11<>"",O11=""),"part not on the Parts sheet; ","")&IF(AND(B11="Empty",OR(F11<>"",K11<>"")),"empty tray with parts; ","")&IF(AND(B11="Loaded",K11<>""),"second part: type Mixed; ","")&IF(AND(Q11<>"",N(Q11)>1),"over 100 % of the spec load; ","")&IF(N(R11)>Settings!$B$10,"over the tray maximum (kg); ","")&IF(AND(K11<>"",IFERROR(INDEX(Parts!$C$6:$C$45,MATCH(K11,Parts!$A$6:$A$45,0)),O11)<>O11),"different processes in one tray; ","")&IF(AND(S11<>"",T11=""),"rework reason missing; ",""))
A12: =IF(B12="","",COUNTA(B$7:B12)) -> 6 | B12: Loaded | D12: =IF(B12="","",IF(D11="",Report!$B$12,D11)) -> 9 | E12: =IF(B12="","",IF(C12<>"",C12,E11+D11/1440+SUMIFS(Holds!$F$7:$F$46,Holds!$B$7:$B$46,">="&E11,Holds!$B$7:$B$46,"<"&E11+D11/1440)/1440)) -> 46320.281 | F12: EX-1001 | G12: B-102 | H12: H-5521 | I12: C7 | J12: 60 | O12: =IF(F12="","",IFERROR(INDEX(Parts!$C$6:$C$45,MATCH(F12,Parts!$A$6:$A$45,0)),"")) -> HT | P12: =IF(F12="","",IFERROR(INDEX(Parts!$E$6:$E$45,MATCH(F12,Parts!$A$6:$A$45,0)),"")) -> 60 | Q12: =IF(OR(J12="",P12="",P12=0),"",J12/P12+IF(OR(N12="",K12=""),0,IFERROR(N12/INDEX(Parts!$E$6:$E$45,MATCH(K12,Parts!$A$6:$A$45,0)),0))) -> 1 | R12: =IF(B12="","",IF(J12="",0,J12*IFERROR(INDEX(Parts!$F$6:$F$45,MATCH(F12,Parts!$A$6:$A$45,0)),0))+IF(N12="",0,N12*IFERROR(INDEX(Parts!$F$6:$F$45,MATCH(K12,Parts!$A$6:$A$45,0)),0))) -> 108 | U12: =IF(B12="","",IF(F12="",Settings!$B$9,IFERROR(INDEX(Parts!$H$6:$H$45,MATCH(F12,Parts!$A$6:$A$45,0))+0,Settings!$B$9))) -> 18 | V12: =IF(B12="","",IF(INDEX($E$7:$E$336,ROW()-6+Settings!$B$7)<>"",INDEX($E$7:$E$336,ROW()-6+Settings!$B$7),E12+Settings!$B$7*D12/1440)) -> 46320.369 | W12: =IF(B12="","",IF(INDEX($E$7:$E$336,ROW()-6+Settings!$B$7+Settings!$B$8)<>"",INDEX($E$7:$E$336,ROW()-6+Settings!$B$7+Settings!$B$8),E12+(Settings!$B$7+Settings!$B$8)*D12/1440)+U12/1440) -> 46320.492 | X12: =IF(B12="","",IF(INDEX($E$7:$E$336,ROW()-6+Settings!$B$7+Settings!$B$8)<>"","line","estimate")) -> line | Y12: =IF(B12="","",INT(W12-Settings!$B$6)) -> 46320 | AA12: =IF(B12="","",IF(AND(B12<>"Empty",F12=""),"part missing; ","")&IF(AND(F12<>"",J12=""),"pieces missing; ","")&IF(AND(F12<>"",O12=""),"part not on the Parts sheet; ","")&IF(AND(B12="Empty",OR(F12<>"",K12<>"")),"empty tray with parts; ","")&IF(AND(B12="Loaded",K12<>""),"second part: type Mixed; ","")&IF(AND(Q12<>"",N(Q12)>1),"over 100 % of the spec load; ","")&IF(N(R12)>Settings!$B$10,"over the tray maximum (kg); ","")&IF(AND(K12<>"",IFERROR(INDEX(Parts!$C$6:$C$45,MATCH(K12,Parts!$A$6:$A$45,0)),O12)<>O12),"different processes in one tray; ","")&IF(AND(S12<>"",T12=""),"rework reason missing; ",""))
A13: =IF(B13="","",COUNTA(B$7:B13)) -> 7 | B13: Loaded | D13: =IF(B13="","",IF(D12="",Report!$B$12,D12)) -> 9 | E13: =IF(B13="","",IF(C13<>"",C13,E12+D12/1440+SUMIFS(Holds!$F$7:$F$46,Holds!$B$7:$B$46,">="&E12,Holds!$B$7:$B$46,"<"&E12+D12/1440)/1440)) -> 46320.287 | F13: EX-1001 | G13: B-102 | H13: H-5521 | I13: C7 | J13: 60 | O13: =IF(F13="","",IFERROR(INDEX(Parts!$C$6:$C$45,MATCH(F13,Parts!$A$6:$A$45,0)),"")) -> HT | P13: =IF(F13="","",IFERROR(INDEX(Parts!$E$6:$E$45,MATCH(F13,Parts!$A$6:$A$45,0)),"")) -> 60 | Q13: =IF(OR(J13="",P13="",P13=0),"",J13/P13+IF(OR(N13="",K13=""),0,IFERROR(N13/INDEX(Parts!$E$6:$E$45,MATCH(K13,Parts!$A$6:$A$45,0)),0))) -> 1 | R13: =IF(B13="","",IF(J13="",0,J13*IFERROR(INDEX(Parts!$F$6:$F$45,MATCH(F13,Parts!$A$6:$A$45,0)),0))+IF(N13="",0,N13*IFERROR(INDEX(Parts!$F$6:$F$45,MATCH(K13,Parts!$A$6:$A$45,0)),0))) -> 108 | U13: =IF(B13="","",IF(F13="",Settings!$B$9,IFERROR(INDEX(Parts!$H$6:$H$45,MATCH(F13,Parts!$A$6:$A$45,0))+0,Settings!$B$9))) -> 18 | V13: =IF(B13="","",IF(INDEX($E$7:$E$336,ROW()-6+Settings!$B$7)<>"",INDEX($E$7:$E$336,ROW()-6+Settings!$B$7),E13+Settings!$B$7*D13/1440)) -> 46320.403 | W13: =IF(B13="","",IF(INDEX($E$7:$E$336,ROW()-6+Settings!$B$7+Settings!$B$8)<>"",INDEX($E$7:$E$336,ROW()-6+Settings!$B$7+Settings!$B$8),E13+(Settings!$B$7+Settings!$B$8)*D13/1440)+U13/1440) -> 46320.499 | X13: =IF(B13="","",IF(INDEX($E$7:$E$336,ROW()-6+Settings!$B$7+Settings!$B$8)<>"","line","estimate")) -> line | Y13: =IF(B13="","",INT(W13-Settings!$B$6)) -> 46320 | AA13: =IF(B13="","",IF(AND(B13<>"Empty",F13=""),"part missing; ","")&IF(AND(F13<>"",J13=""),"pieces missing; ","")&IF(AND(F13<>"",O13=""),"part not on the Parts sheet; ","")&IF(AND(B13="Empty",OR(F13<>"",K13<>"")),"empty tray with parts; ","")&IF(AND(B13="Loaded",K13<>""),"second part: type Mixed; ","")&IF(AND(Q13<>"",N(Q13)>1),"over 100 % of the spec load; ","")&IF(N(R13)>Settings!$B$10,"over the tray maximum (kg); ","")&IF(AND(K13<>"",IFERROR(INDEX(Parts!$C$6:$C$45,MATCH(K13,Parts!$A$6:$A$45,0)),O13)<>O13),"different processes in one tray; ","")&IF(AND(S13<>"",T13=""),"rework reason missing; ",""))
A14: =IF(B14="","",COUNTA(B$7:B14)) -> 8 | B14: Loaded | D14: =IF(B14="","",IF(D13="",Report!$B$12,D13)) -> 9 | E14: =IF(B14="","",IF(C14<>"",C14,E13+D13/1440+SUMIFS(Holds!$F$7:$F$46,Holds!$B$7:$B$46,">="&E13,Holds!$B$7:$B$46,"<"&E13+D13/1440)/1440)) -> 46320.294 | F14: EX-1001 | G14: B-102 | H14: H-5521 | I14: C7 | J14: 60 | O14: =IF(F14="","",IFERROR(INDEX(Parts!$C$6:$C$45,MATCH(F14,Parts!$A$6:$A$45,0)),"")) -> HT | P14: =IF(F14="","",IFERROR(INDEX(Parts!$E$6:$E$45,MATCH(F14,Parts!$A$6:$A$45,0)),"")) -> 60 | Q14: =IF(OR(J14="",P14="",P14=0),"",J14/P14+IF(OR(N14="",K14=""),0,IFERROR(N14/INDEX(Parts!$E$6:$E$45,MATCH(K14,Parts!$A$6:$A$45,0)),0))) -> 1 | R14: =IF(B14="","",IF(J14="",0,J14*IFERROR(INDEX(Parts!$F$6:$F$45,MATCH(F14,Parts!$A$6:$A$45,0)),0))+IF(N14="",0,N14*IFERROR(INDEX(Parts!$F$6:$F$45,MATCH(K14,Parts!$A$6:$A$45,0)),0))) -> 108 | U14: =IF(B14="","",IF(F14="",Settings!$B$9,IFERROR(INDEX(Parts!$H$6:$H$45,MATCH(F14,Parts!$A$6:$A$45,0))+0,Settings!$B$9))) -> 18 | V14: =IF(B14="","",IF(INDEX($E$7:$E$336,ROW()-6+Settings!$B$7)<>"",INDEX($E$7:$E$336,ROW()-6+Settings!$B$7),E14+Settings!$B$7*D14/1440)) -> 46320.41 | W14: =IF(B14="","",IF(INDEX($E$7:$E$336,ROW()-6+Settings!$B$7+Settings!$B$8)<>"",INDEX($E$7:$E$336,ROW()-6+Settings!$B$7+Settings!$B$8),E14+(Settings!$B$7+Settings!$B$8)*D14/1440)+U14/1440) -> 46320.506 | X14: =IF(B14="","",IF(INDEX($E$7:$E$336,ROW()-6+Settings!$B$7+Settings!$B$8)<>"","line","estimate")) -> line | Y14: =IF(B14="","",INT(W14-Settings!$B$6)) -> 46320 | AA14: =IF(B14="","",IF(AND(B14<>"Empty",F14=""),"part missing; ","")&IF(AND(F14<>"",J14=""),"pieces missing; ","")&IF(AND(F14<>"",O14=""),"part not on the Parts sheet; ","")&IF(AND(B14="Empty",OR(F14<>"",K14<>"")),"empty tray with parts; ","")&IF(AND(B14="Loaded",K14<>""),"second part: type Mixed; ","")&IF(AND(Q14<>"",N(Q14)>1),"over 100 % of the spec load; ","")&IF(N(R14)>Settings!$B$10,"over the tray maximum (kg); ","")&IF(AND(K14<>"",IFERROR(INDEX(Parts!$C$6:$C$45,MATCH(K14,Parts!$A$6:$A$45,0)),O14)<>O14),"different processes in one tray; ","")&IF(AND(S14<>"",T14=""),"rework reason missing; ",""))
A15: =IF(B15="","",COUNTA(B$7:B15)) -> 9 | B15: Loaded | D15: =IF(B15="","",IF(D14="",Report!$B$12,D14)) -> 9 | E15: =IF(B15="","",IF(C15<>"",C15,E14+D14/1440+SUMIFS(Holds!$F$7:$F$46,Holds!$B$7:$B$46,">="&E14,Holds!$B$7:$B$46,"<"&E14+D14/1440)/1440)) -> 46320.3 | F15: EX-1001 | G15: B-102 | H15: H-5521 | I15: C7 | J15: 60 | O15: =IF(F15="","",IFERROR(INDEX(Parts!$C$6:$C$45,MATCH(F15,Parts!$A$6:$A$45,0)),"")) -> HT | P15: =IF(F15="","",IFERROR(INDEX(Parts!$E$6:$E$45,MATCH(F15,Parts!$A$6:$A$45,0)),"")) -> 60 | Q15: =IF(OR(J15="",P15="",P15=0),"",J15/P15+IF(OR(N15="",K15=""),0,IFERROR(N15/INDEX(Parts!$E$6:$E$45,MATCH(K15,Parts!$A$6:$A$45,0)),0))) -> 1 | R15: =IF(B15="","",IF(J15="",0,J15*IFERROR(INDEX(Parts!$F$6:$F$45,MATCH(F15,Parts!$A$6:$A$45,0)),0))+IF(N15="",0,N15*IFERROR(INDEX(Parts!$F$6:$F$45,MATCH(K15,Parts!$A$6:$A$45,0)),0))) -> 108 | U15: =IF(B15="","",IF(F15="",Settings!$B$9,IFERROR(INDEX(Parts!$H$6:$H$45,MATCH(F15,Parts!$A$6:$A$45,0))+0,Settings!$B$9))) -> 18 | V15: =IF(B15="","",IF(INDEX($E$7:$E$336,ROW()-6+Settings!$B$7)<>"",INDEX($E$7:$E$336,ROW()-6+Settings!$B$7),E15+Settings!$B$7*D15/1440)) -> 46320.417 | W15: =IF(B15="","",IF(INDEX($E$7:$E$336,ROW()-6+Settings!$B$7+Settings!$B$8)<>"",INDEX($E$7:$E$336,ROW()-6+Settings!$B$7+Settings!$B$8),E15+(Settings!$B$7+Settings!$B$8)*D15/1440)+U15/1440) -> 46320.513 | X15: =IF(B15="","",IF(INDEX($E$7:$E$336,ROW()-6+Settings!$B$7+Settings!$B$8)<>"","line","estimate")) -> line | Y15: =IF(B15="","",INT(W15-Settings!$B$6)) -> 46320 | AA15: =IF(B15="","",IF(AND(B15<>"Empty",F15=""),"part missing; ","")&IF(AND(F15<>"",J15=""),"pieces missing; ","")&IF(AND(F15<>"",O15=""),"part not on the Parts sheet; ","")&IF(AND(B15="Empty",OR(F15<>"",K15<>"")),"empty tray with parts; ","")&IF(AND(B15="Loaded",K15<>""),"second part: type Mixed; ","")&IF(AND(Q15<>"",N(Q15)>1),"over 100 % of the spec load; ","")&IF(N(R15)>Settings!$B$10,"over the tray maximum (kg); ","")&IF(AND(K15<>"",IFERROR(INDEX(Parts!$C$6:$C$45,MATCH(K15,Parts!$A$6:$A$45,0)),O15)<>O15),"different processes in one tray; ","")&IF(AND(S15<>"",T15=""),"rework reason missing; ",""))
A16: =IF(B16="","",COUNTA(B$7:B16)) -> 10 | B16: Loaded | D16: 10 | E16: =IF(B16="","",IF(C16<>"",C16,E15+D15/1440+SUMIFS(Holds!$F$7:$F$46,Holds!$B$7:$B$46,">="&E15,Holds!$B$7:$B$46,"<"&E15+D15/1440)/1440)) -> 46320.306 | F16: EX-1001 | G16: B-102 | H16: H-5521 | I16: C7 | J16: 60 | O16: =IF(F16="","",IFERROR(INDEX(Parts!$C$6:$C$45,MATCH(F16,Parts!$A$6:$A$45,0)),"")) -> HT | P16: =IF(F16="","",IFERROR(INDEX(Parts!$E$6:$E$45,MATCH(F16,Parts!$A$6:$A$45,0)),"")) -> 60 | Q16: =IF(OR(J16="",P16="",P16=0),"",J16/P16+IF(OR(N16="",K16=""),0,IFERROR(N16/INDEX(Parts!$E$6:$E$45,MATCH(K16,Parts!$A$6:$A$45,0)),0))) -> 1 | R16: =IF(B16="","",IF(J16="",0,J16*IFERROR(INDEX(Parts!$F$6:$F$45,MATCH(F16,Parts!$A$6:$A$45,0)),0))+IF(N16="",0,N16*IFERROR(INDEX(Parts!$F$6:$F$45,MATCH(K16,Parts!$A$6:$A$45,0)),0))) -> 108 | U16: =IF(B16="","",IF(F16="",Settings!$B$9,IFERROR(INDEX(Parts!$H$6:$H$45,MATCH(F16,Parts!$A$6:$A$45,0))+0,Settings!$B$9))) -> 18 | V16: =IF(B16="","",IF(INDEX($E$7:$E$336,ROW()-6+Settings!$B$7)<>"",INDEX($E$7:$E$336,ROW()-6+Settings!$B$7),E16+Settings!$B$7*D16/1440)) -> 46320.424 | W16: =IF(B16="","",IF(INDEX($E$7:$E$336,ROW()-6+Settings!$B$7+Settings!$B$8)<>"",INDEX($E$7:$E$336,ROW()-6+Settings!$B$7+Settings!$B$8),E16+(Settings!$B$7+Settings!$B$8)*D16/1440)+U16/1440) -> 46320.52 | X16: =IF(B16="","",IF(INDEX($E$7:$E$336,ROW()-6+Settings!$B$7+Settings!$B$8)<>"","line","estimate")) -> line | Y16: =IF(B16="","",INT(W16-Settings!$B$6)) -> 46320 | Z16: Push changed 9 → 10 min (example) | AA16: =IF(B16="","",IF(AND(B16<>"Empty",F16=""),"part missing; ","")&IF(AND(F16<>"",J16=""),"pieces missing; ","")&IF(AND(F16<>"",O16=""),"part not on the Parts sheet; ","")&IF(AND(B16="Empty",OR(F16<>"",K16<>"")),"empty tray with parts; ","")&IF(AND(B16="Loaded",K16<>""),"second part: type Mixed; ","")&IF(AND(Q16<>"",N(Q16)>1),"over 100 % of the spec load; ","")&IF(N(R16)>Settings!$B$10,"over the tray maximum (kg); ","")&IF(AND(K16<>"",IFERROR(INDEX(Parts!$C$6:$C$45,MATCH(K16,Parts!$A$6:$A$45,0)),O16)<>O16),"different processes in one tray; ","")&IF(AND(S16<>"",T16=""),"rework reason missing; ",""))
A17: =IF(B17="","",COUNTA(B$7:B17)) -> 11 | B17: Loaded | D17: =IF(B17="","",IF(D16="",Report!$B$12,D16)) -> 10 | E17: =IF(B17="","",IF(C17<>"",C17,E16+D16/1440+SUMIFS(Holds!$F$7:$F$46,Holds!$B$7:$B$46,">="&E16,Holds!$B$7:$B$46,"<"&E16+D16/1440)/1440)) -> 46320.313 | F17: EX-1001 | G17: B-102 | H17: H-5521 | I17: C7 | J17: 60 | O17: =IF(F17="","",IFERROR(INDEX(Parts!$C$6:$C$45,MATCH(F17,Parts!$A$6:$A$45,0)),"")) -> HT | P17: =IF(F17="","",IFERROR(INDEX(Parts!$E$6:$E$45,MATCH(F17,Parts!$A$6:$A$45,0)),"")) -> 60 | Q17: =IF(OR(J17="",P17="",P17=0),"",J17/P17+IF(OR(N17="",K17=""),0,IFERROR(N17/INDEX(Parts!$E$6:$E$45,MATCH(K17,Parts!$A$6:$A$45,0)),0))) -> 1 | R17: =IF(B17="","",IF(J17="",0,J17*IFERROR(INDEX(Parts!$F$6:$F$45,MATCH(F17,Parts!$A$6:$A$45,0)),0))+IF(N17="",0,N17*IFERROR(INDEX(Parts!$F$6:$F$45,MATCH(K17,Parts!$A$6:$A$45,0)),0))) -> 108 | U17: =IF(B17="","",IF(F17="",Settings!$B$9,IFERROR(INDEX(Parts!$H$6:$H$45,MATCH(F17,Parts!$A$6:$A$45,0))+0,Settings!$B$9))) -> 18 | V17: =IF(B17="","",IF(INDEX($E$7:$E$336,ROW()-6+Settings!$B$7)<>"",INDEX($E$7:$E$336,ROW()-6+Settings!$B$7),E17+Settings!$B$7*D17/1440)) -> 46320.431 | W17: =IF(B17="","",IF(INDEX($E$7:$E$336,ROW()-6+Settings!$B$7+Settings!$B$8)<>"",INDEX($E$7:$E$336,ROW()-6+Settings!$B$7+Settings!$B$8),E17+(Settings!$B$7+Settings!$B$8)*D17/1440)+U17/1440) -> 46320.527 | X17: =IF(B17="","",IF(INDEX($E$7:$E$336,ROW()-6+Settings!$B$7+Settings!$B$8)<>"","line","estimate")) -> line | Y17: =IF(B17="","",INT(W17-Settings!$B$6)) -> 46320 | AA17: =IF(B17="","",IF(AND(B17<>"Empty",F17=""),"part missing; ","")&IF(AND(F17<>"",J17=""),"pieces missing; ","")&IF(AND(F17<>"",O17=""),"part not on the Parts sheet; ","")&IF(AND(B17="Empty",OR(F17<>"",K17<>"")),"empty tray with parts; ","")&IF(AND(B17="Loaded",K17<>""),"second part: type Mixed; ","")&IF(AND(Q17<>"",N(Q17)>1),"over 100 % of the spec load; ","")&IF(N(R17)>Settings!$B$10,"over the tray maximum (kg); ","")&IF(AND(K17<>"",IFERROR(INDEX(Parts!$C$6:$C$45,MATCH(K17,Parts!$A$6:$A$45,0)),O17)<>O17),"different processes in one tray; ","")&IF(AND(S17<>"",T17=""),"rework reason missing; ",""))
A18: =IF(B18="","",COUNTA(B$7:B18)) -> 12 | B18: Loaded | D18: =IF(B18="","",IF(D17="",Report!$B$12,D17)) -> 10 | E18: =IF(B18="","",IF(C18<>"",C18,E17+D17/1440+SUMIFS(Holds!$F$7:$F$46,Holds!$B$7:$B$46,">="&E17,Holds!$B$7:$B$46,"<"&E17+D17/1440)/1440)) -> 46320.32 | F18: EX-1001 | G18: B-102 | H18: H-5521 | I18: C7 | J18: 60 | O18: =IF(F18="","",IFERROR(INDEX(Parts!$C$6:$C$45,MATCH(F18,Parts!$A$6:$A$45,0)),"")) -> HT | P18: =IF(F18="","",IFERROR(INDEX(Parts!$E$6:$E$45,MATCH(F18,Parts!$A$6:$A$45,0)),"")) -> 60 | Q18: =IF(OR(J18="",P18="",P18=0),"",J18/P18+IF(OR(N18="",K18=""),0,IFERROR(N18/INDEX(Parts!$E$6:$E$45,MATCH(K18,Parts!$A$6:$A$45,0)),0))) -> 1 | R18: =IF(B18="","",IF(J18="",0,J18*IFERROR(INDEX(Parts!$F$6:$F$45,MATCH(F18,Parts!$A$6:$A$45,0)),0))+IF(N18="",0,N18*IFERROR(INDEX(Parts!$F$6:$F$45,MATCH(K18,Parts!$A$6:$A$45,0)),0))) -> 108 | U18: =IF(B18="","",IF(F18="",Settings!$B$9,IFERROR(INDEX(Parts!$H$6:$H$45,MATCH(F18,Parts!$A$6:$A$45,0))+0,Settings!$B$9))) -> 18 | V18: =IF(B18="","",IF(INDEX($E$7:$E$336,ROW()-6+Settings!$B$7)<>"",INDEX($E$7:$E$336,ROW()-6+Settings!$B$7),E18+Settings!$B$7*D18/1440)) -> 46320.438 | W18: =IF(B18="","",IF(INDEX($E$7:$E$336,ROW()-6+Settings!$B$7+Settings!$B$8)<>"",INDEX($E$7:$E$336,ROW()-6+Settings!$B$7+Settings!$B$8),E18+(Settings!$B$7+Settings!$B$8)*D18/1440)+U18/1440) -> 46320.534 | X18: =IF(B18="","",IF(INDEX($E$7:$E$336,ROW()-6+Settings!$B$7+Settings!$B$8)<>"","line","estimate")) -> line | Y18: =IF(B18="","",INT(W18-Settings!$B$6)) -> 46320 | AA18: =IF(B18="","",IF(AND(B18<>"Empty",F18=""),"part missing; ","")&IF(AND(F18<>"",J18=""),"pieces missing; ","")&IF(AND(F18<>"",O18=""),"part not on the Parts sheet; ","")&IF(AND(B18="Empty",OR(F18<>"",K18<>"")),"empty tray with parts; ","")&IF(AND(B18="Loaded",K18<>""),"second part: type Mixed; ","")&IF(AND(Q18<>"",N(Q18)>1),"over 100 % of the spec load; ","")&IF(N(R18)>Settings!$B$10,"over the tray maximum (kg); ","")&IF(AND(K18<>"",IFERROR(INDEX(Parts!$C$6:$C$45,MATCH(K18,Parts!$A$6:$A$45,0)),O18)<>O18),"different processes in one tray; ","")&IF(AND(S18<>"",T18=""),"rework reason missing; ",""))
A19: =IF(B19="","",COUNTA(B$7:B19)) -> 13 | B19: Loaded | D19: =IF(B19="","",IF(D18="",Report!$B$12,D18)) -> 10 | E19: =IF(B19="","",IF(C19<>"",C19,E18+D18/1440+SUMIFS(Holds!$F$7:$F$46,Holds!$B$7:$B$46,">="&E18,Holds!$B$7:$B$46,"<"&E18+D18/1440)/1440)) -> 46320.327 | F19: EX-1001 | G19: B-102 | H19: H-5521 | I19: C7 | J19: 60 | O19: =IF(F19="","",IFERROR(INDEX(Parts!$C$6:$C$45,MATCH(F19,Parts!$A$6:$A$45,0)),"")) -> HT | P19: =IF(F19="","",IFERROR(INDEX(Parts!$E$6:$E$45,MATCH(F19,Parts!$A$6:$A$45,0)),"")) -> 60 | Q19: =IF(OR(J19="",P19="",P19=0),"",J19/P19+IF(OR(N19="",K19=""),0,IFERROR(N19/INDEX(Parts!$E$6:$E$45,MATCH(K19,Parts!$A$6:$A$45,0)),0))) -> 1 | R19: =IF(B19="","",IF(J19="",0,J19*IFERROR(INDEX(Parts!$F$6:$F$45,MATCH(F19,Parts!$A$6:$A$45,0)),0))+IF(N19="",0,N19*IFERROR(INDEX(Parts!$F$6:$F$45,MATCH(K19,Parts!$A$6:$A$45,0)),0))) -> 108 | U19: =IF(B19="","",IF(F19="",Settings!$B$9,IFERROR(INDEX(Parts!$H$6:$H$45,MATCH(F19,Parts!$A$6:$A$45,0))+0,Settings!$B$9))) -> 18 | V19: =IF(B19="","",IF(INDEX($E$7:$E$336,ROW()-6+Settings!$B$7)<>"",INDEX($E$7:$E$336,ROW()-6+Settings!$B$7),E19+Settings!$B$7*D19/1440)) -> 46320.445 | W19: =IF(B19="","",IF(INDEX($E$7:$E$336,ROW()-6+Settings!$B$7+Settings!$B$8)<>"",INDEX($E$7:$E$336,ROW()-6+Settings!$B$7+Settings!$B$8),E19+(Settings!$B$7+Settings!$B$8)*D19/1440)+U19/1440) -> 46320.541 | X19: =IF(B19="","",IF(INDEX($E$7:$E$336,ROW()-6+Settings!$B$7+Settings!$B$8)<>"","line","estimate")) -> line | Y19: =IF(B19="","",INT(W19-Settings!$B$6)) -> 46320 | AA19: =IF(B19="","",IF(AND(B19<>"Empty",F19=""),"part missing; ","")&IF(AND(F19<>"",J19=""),"pieces missing; ","")&IF(AND(F19<>"",O19=""),"part not on the Parts sheet; ","")&IF(AND(B19="Empty",OR(F19<>"",K19<>"")),"empty tray with parts; ","")&IF(AND(B19="Loaded",K19<>""),"second part: type Mixed; ","")&IF(AND(Q19<>"",N(Q19)>1),"over 100 % of the spec load; ","")&IF(N(R19)>Settings!$B$10,"over the tray maximum (kg); ","")&IF(AND(K19<>"",IFERROR(INDEX(Parts!$C$6:$C$45,MATCH(K19,Parts!$A$6:$A$45,0)),O19)<>O19),"different processes in one tray; ","")&IF(AND(S19<>"",T19=""),"rework reason missing; ",""))
A20: =IF(B20="","",COUNTA(B$7:B20)) -> 14 | B20: Loaded | D20: =IF(B20="","",IF(D19="",Report!$B$12,D19)) -> 10 | E20: =IF(B20="","",IF(C20<>"",C20,E19+D19/1440+SUMIFS(Holds!$F$7:$F$46,Holds!$B$7:$B$46,">="&E19,Holds!$B$7:$B$46,"<"&E19+D19/1440)/1440)) -> 46320.334 | F20: EX-1001 | G20: B-102 | H20: H-5521 | I20: C7 | J20: 60 | O20: =IF(F20="","",IFERROR(INDEX(Parts!$C$6:$C$45,MATCH(F20,Parts!$A$6:$A$45,0)),"")) -> HT | P20: =IF(F20="","",IFERROR(INDEX(Parts!$E$6:$E$45,MATCH(F20,Parts!$A$6:$A$45,0)),"")) -> 60 | Q20: =IF(OR(J20="",P20="",P20=0),"",J20/P20+IF(OR(N20="",K20=""),0,IFERROR(N20/INDEX(Parts!$E$6:$E$45,MATCH(K20,Parts!$A$6:$A$45,0)),0))) -> 1 | R20: =IF(B20="","",IF(J20="",0,J20*IFERROR(INDEX(Parts!$F$6:$F$45,MATCH(F20,Parts!$A$6:$A$45,0)),0))+IF(N20="",0,N20*IFERROR(INDEX(Parts!$F$6:$F$45,MATCH(K20,Parts!$A$6:$A$45,0)),0))) -> 108 | U20: =IF(B20="","",IF(F20="",Settings!$B$9,IFERROR(INDEX(Parts!$H$6:$H$45,MATCH(F20,Parts!$A$6:$A$45,0))+0,Settings!$B$9))) -> 18 | V20: =IF(B20="","",IF(INDEX($E$7:$E$336,ROW()-6+Settings!$B$7)<>"",INDEX($E$7:$E$336,ROW()-6+Settings!$B$7),E20+Settings!$B$7*D20/1440)) -> 46320.452 | W20: =IF(B20="","",IF(INDEX($E$7:$E$336,ROW()-6+Settings!$B$7+Settings!$B$8)<>"",INDEX($E$7:$E$336,ROW()-6+Settings!$B$7+Settings!$B$8),E20+(Settings!$B$7+Settings!$B$8)*D20/1440)+U20/1440) -> 46320.548 | X20: =IF(B20="","",IF(INDEX($E$7:$E$336,ROW()-6+Settings!$B$7+Settings!$B$8)<>"","line","estimate")) -> line | Y20: =IF(B20="","",INT(W20-Settings!$B$6)) -> 46320 | AA20: =IF(B20="","",IF(AND(B20<>"Empty",F20=""),"part missing; ","")&IF(AND(F20<>"",J20=""),"pieces missing; ","")&IF(AND(F20<>"",O20=""),"part not on the Parts sheet; ","")&IF(AND(B20="Empty",OR(F20<>"",K20<>"")),"empty tray with parts; ","")&IF(AND(B20="Loaded",K20<>""),"second part: type Mixed; ","")&IF(AND(Q20<>"",N(Q20)>1),"over 100 % of the spec load; ","")&IF(N(R20)>Settings!$B$10,"over the tray maximum (kg); ","")&IF(AND(K20<>"",IFERROR(INDEX(Parts!$C$6:$C$45,MATCH(K20,Parts!$A$6:$A$45,0)),O20)<>O20),"different processes in one tray; ","")&IF(AND(S20<>"",T20=""),"rework reason missing; ",""))
A21: =IF(B21="","",COUNTA(B$7:B21)) -> 15 | B21: Empty | D21: =IF(B21="","",IF(D20="",Report!$B$12,D20)) -> 10 | E21: =IF(B21="","",IF(C21<>"",C21,E20+D20/1440+SUMIFS(Holds!$F$7:$F$46,Holds!$B$7:$B$46,">="&E20,Holds!$B$7:$B$46,"<"&E20+D20/1440)/1440)) -> 46320.341 | O21: =IF(F21="","",IFERROR(INDEX(Parts!$C$6:$C$45,MATCH(F21,Parts!$A$6:$A$45,0)),"")) | P21: =IF(F21="","",IFERROR(INDEX(Parts!$E$6:$E$45,MATCH(F21,Parts!$A$6:$A$45,0)),"")) | Q21: =IF(OR(J21="",P21="",P21=0),"",J21/P21+IF(OR(N21="",K21=""),0,IFERROR(N21/INDEX(Parts!$E$6:$E$45,MATCH(K21,Parts!$A$6:$A$45,0)),0))) | R21: =IF(B21="","",IF(J21="",0,J21*IFERROR(INDEX(Parts!$F$6:$F$45,MATCH(F21,Parts!$A$6:$A$45,0)),0))+IF(N21="",0,N21*IFERROR(INDEX(Parts!$F$6:$F$45,MATCH(K21,Parts!$A$6:$A$45,0)),0))) -> 0 | U21: =IF(B21="","",IF(F21="",Settings!$B$9,IFERROR(INDEX(Parts!$H$6:$H$45,MATCH(F21,Parts!$A$6:$A$45,0))+0,Settings!$B$9))) -> 18 | V21: =IF(B21="","",IF(INDEX($E$7:$E$336,ROW()-6+Settings!$B$7)<>"",INDEX($E$7:$E$336,ROW()-6+Settings!$B$7),E21+Settings!$B$7*D21/1440)) -> 46320.459 | W21: =IF(B21="","",IF(INDEX($E$7:$E$336,ROW()-6+Settings!$B$7+Settings!$B$8)<>"",INDEX($E$7:$E$336,ROW()-6+Settings!$B$7+Settings!$B$8),E21+(Settings!$B$7+Settings!$B$8)*D21/1440)+U21/1440) -> 46320.555 | X21: =IF(B21="","",IF(INDEX($E$7:$E$336,ROW()-6+Settings!$B$7+Settings!$B$8)<>"","line","estimate")) -> line | Y21: =IF(B21="","",INT(W21-Settings!$B$6)) -> 46320 | AA21: =IF(B21="","",IF(AND(B21<>"Empty",F21=""),"part missing; ","")&IF(AND(F21<>"",J21=""),"pieces missing; ","")&IF(AND(F21<>"",O21=""),"part not on the Parts sheet; ","")&IF(AND(B21="Empty",OR(F21<>"",K21<>"")),"empty tray with parts; ","")&IF(AND(B21="Loaded",K21<>""),"second part: type Mixed; ","")&IF(AND(Q21<>"",N(Q21)>1),"over 100 % of the spec load; ","")&IF(N(R21)>Settings!$B$10,"over the tray maximum (kg); ","")&IF(AND(K21<>"",IFERROR(INDEX(Parts!$C$6:$C$45,MATCH(K21,Parts!$A$6:$A$45,0)),O21)<>O21),"different processes in one tray; ","")&IF(AND(S21<>"",T21=""),"rework reason missing; ",""))
A22: =IF(B22="","",COUNTA(B$7:B22)) -> 16 | B22: Loaded | D22: =IF(B22="","",IF(D21="",Report!$B$12,D21)) -> 10 | E22: =IF(B22="","",IF(C22<>"",C22,E21+D21/1440+SUMIFS(Holds!$F$7:$F$46,Holds!$B$7:$B$46,">="&E21,Holds!$B$7:$B$46,"<"&E21+D21/1440)/1440)) -> 46320.348 | F22: EX-3001 | G22: B-215 | H22: H-5590 | I22: N/A | J22: 30 | O22: =IF(F22="","",IFERROR(INDEX(Parts!$C$6:$C$45,MATCH(F22,Parts!$A$6:$A$45,0)),"")) -> NORM | P22: =IF(F22="","",IFERROR(INDEX(Parts!$E$6:$E$45,MATCH(F22,Parts!$A$6:$A$45,0)),"")) -> 30 | Q22: =IF(OR(J22="",P22="",P22=0),"",J22/P22+IF(OR(N22="",K22=""),0,IFERROR(N22/INDEX(Parts!$E$6:$E$45,MATCH(K22,Parts!$A$6:$A$45,0)),0))) -> 1 | R22: =IF(B22="","",IF(J22="",0,J22*IFERROR(INDEX(Parts!$F$6:$F$45,MATCH(F22,Parts!$A$6:$A$45,0)),0))+IF(N22="",0,N22*IFERROR(INDEX(Parts!$F$6:$F$45,MATCH(K22,Parts!$A$6:$A$45,0)),0))) -> 66 | U22: =IF(B22="","",IF(F22="",Settings!$B$9,IFERROR(INDEX(Parts!$H$6:$H$45,MATCH(F22,Parts!$A$6:$A$45,0))+0,Settings!$B$9))) -> 18 | V22: =IF(B22="","",IF(INDEX($E$7:$E$336,ROW()-6+Settings!$B$7)<>"",INDEX($E$7:$E$336,ROW()-6+Settings!$B$7),E22+Settings!$B$7*D22/1440)) -> 46320.466 | W22: =IF(B22="","",IF(INDEX($E$7:$E$336,ROW()-6+Settings!$B$7+Settings!$B$8)<>"",INDEX($E$7:$E$336,ROW()-6+Settings!$B$7+Settings!$B$8),E22+(Settings!$B$7+Settings!$B$8)*D22/1440)+U22/1440) -> 46320.562 | X22: =IF(B22="","",IF(INDEX($E$7:$E$336,ROW()-6+Settings!$B$7+Settings!$B$8)<>"","line","estimate")) -> line | Y22: =IF(B22="","",INT(W22-Settings!$B$6)) -> 46320 | AA22: =IF(B22="","",IF(AND(B22<>"Empty",F22=""),"part missing; ","")&IF(AND(F22<>"",J22=""),"pieces missing; ","")&IF(AND(F22<>"",O22=""),"part not on the Parts sheet; ","")&IF(AND(B22="Empty",OR(F22<>"",K22<>"")),"empty tray with parts; ","")&IF(AND(B22="Loaded",K22<>""),"second part: type Mixed; ","")&IF(AND(Q22<>"",N(Q22)>1),"over 100 % of the spec load; ","")&IF(N(R22)>Settings!$B$10,"over the tray maximum (kg); ","")&IF(AND(K22<>"",IFERROR(INDEX(Parts!$C$6:$C$45,MATCH(K22,Parts!$A$6:$A$45,0)),O22)<>O22),"different processes in one tray; ","")&IF(AND(S22<>"",T22=""),"rework reason missing; ",""))
A23: =IF(B23="","",COUNTA(B$7:B23)) -> 17 | B23: Loaded | D23: =IF(B23="","",IF(D22="",Report!$B$12,D22)) -> 10 | E23: =IF(B23="","",IF(C23<>"",C23,E22+D22/1440+SUMIFS(Holds!$F$7:$F$46,Holds!$B$7:$B$46,">="&E22,Holds!$B$7:$B$46,"<"&E22+D22/1440)/1440)) -> 46320.355 | F23: EX-3001 | G23: B-215 | H23: H-5590 | I23: N/A | J23: 30 | O23: =IF(F23="","",IFERROR(INDEX(Parts!$C$6:$C$45,MATCH(F23,Parts!$A$6:$A$45,0)),"")) -> NORM | P23: =IF(F23="","",IFERROR(INDEX(Parts!$E$6:$E$45,MATCH(F23,Parts!$A$6:$A$45,0)),"")) -> 30 | Q23: =IF(OR(J23="",P23="",P23=0),"",J23/P23+IF(OR(N23="",K23=""),0,IFERROR(N23/INDEX(Parts!$E$6:$E$45,MATCH(K23,Parts!$A$6:$A$45,0)),0))) -> 1 | R23: =IF(B23="","",IF(J23="",0,J23*IFERROR(INDEX(Parts!$F$6:$F$45,MATCH(F23,Parts!$A$6:$A$45,0)),0))+IF(N23="",0,N23*IFERROR(INDEX(Parts!$F$6:$F$45,MATCH(K23,Parts!$A$6:$A$45,0)),0))) -> 66 | U23: =IF(B23="","",IF(F23="",Settings!$B$9,IFERROR(INDEX(Parts!$H$6:$H$45,MATCH(F23,Parts!$A$6:$A$45,0))+0,Settings!$B$9))) -> 18 | V23: =IF(B23="","",IF(INDEX($E$7:$E$336,ROW()-6+Settings!$B$7)<>"",INDEX($E$7:$E$336,ROW()-6+Settings!$B$7),E23+Settings!$B$7*D23/1440)) -> 46320.473 | W23: =IF(B23="","",IF(INDEX($E$7:$E$336,ROW()-6+Settings!$B$7+Settings!$B$8)<>"",INDEX($E$7:$E$336,ROW()-6+Settings!$B$7+Settings!$B$8),E23+(Settings!$B$7+Settings!$B$8)*D23/1440)+U23/1440) -> 46320.569 | X23: =IF(B23="","",IF(INDEX($E$7:$E$336,ROW()-6+Settings!$B$7+Settings!$B$8)<>"","line","estimate")) -> line | Y23: =IF(B23="","",INT(W23-Settings!$B$6)) -> 46320 | AA23: =IF(B23="","",IF(AND(B23<>"Empty",F23=""),"part missing; ","")&IF(AND(F23<>"",J23=""),"pieces missing; ","")&IF(AND(F23<>"",O23=""),"part not on the Parts sheet; ","")&IF(AND(B23="Empty",OR(F23<>"",K23<>"")),"empty tray with parts; ","")&IF(AND(B23="Loaded",K23<>""),"second part: type Mixed; ","")&IF(AND(Q23<>"",N(Q23)>1),"over 100 % of the spec load; ","")&IF(N(R23)>Settings!$B$10,"over the tray maximum (kg); ","")&IF(AND(K23<>"",IFERROR(INDEX(Parts!$C$6:$C$45,MATCH(K23,Parts!$A$6:$A$45,0)),O23)<>O23),"different processes in one tray; ","")&IF(AND(S23<>"",T23=""),"rework reason missing; ",""))
A24: =IF(B24="","",COUNTA(B$7:B24)) -> 18 | B24: Loaded | D24: =IF(B24="","",IF(D23="",Report!$B$12,D23)) -> 10 | E24: =IF(B24="","",IF(C24<>"",C24,E23+D23/1440+SUMIFS(Holds!$F$7:$F$46,Holds!$B$7:$B$46,">="&E23,Holds!$B$7:$B$46,"<"&E23+D23/1440)/1440)) -> 46320.362 | F24: EX-3001 | G24: B-215 | H24: H-5590 | I24: N/A | J24: 30 | O24: =IF(F24="","",IFERROR(INDEX(Parts!$C$6:$C$45,MATCH(F24,Parts!$A$6:$A$45,0)),"")) -> NORM | P24: =IF(F24="","",IFERROR(INDEX(Parts!$E$6:$E$45,MATCH(F24,Parts!$A$6:$A$45,0)),"")) -> 30 | Q24: =IF(OR(J24="",P24="",P24=0),"",J24/P24+IF(OR(N24="",K24=""),0,IFERROR(N24/INDEX(Parts!$E$6:$E$45,MATCH(K24,Parts!$A$6:$A$45,0)),0))) -> 1 | R24: =IF(B24="","",IF(J24="",0,J24*IFERROR(INDEX(Parts!$F$6:$F$45,MATCH(F24,Parts!$A$6:$A$45,0)),0))+IF(N24="",0,N24*IFERROR(INDEX(Parts!$F$6:$F$45,MATCH(K24,Parts!$A$6:$A$45,0)),0))) -> 66 | U24: =IF(B24="","",IF(F24="",Settings!$B$9,IFERROR(INDEX(Parts!$H$6:$H$45,MATCH(F24,Parts!$A$6:$A$45,0))+0,Settings!$B$9))) -> 18 | V24: =IF(B24="","",IF(INDEX($E$7:$E$336,ROW()-6+Settings!$B$7)<>"",INDEX($E$7:$E$336,ROW()-6+Settings!$B$7),E24+Settings!$B$7*D24/1440)) -> 46320.48 | W24: =IF(B24="","",IF(INDEX($E$7:$E$336,ROW()-6+Settings!$B$7+Settings!$B$8)<>"",INDEX($E$7:$E$336,ROW()-6+Settings!$B$7+Settings!$B$8),E24+(Settings!$B$7+Settings!$B$8)*D24/1440)+U24/1440) -> 46320.576 | X24: =IF(B24="","",IF(INDEX($E$7:$E$336,ROW()-6+Settings!$B$7+Settings!$B$8)<>"","line","estimate")) -> line | Y24: =IF(B24="","",INT(W24-Settings!$B$6)) -> 46320 | AA24: =IF(B24="","",IF(AND(B24<>"Empty",F24=""),"part missing; ","")&IF(AND(F24<>"",J24=""),"pieces missing; ","")&IF(AND(F24<>"",O24=""),"part not on the Parts sheet; ","")&IF(AND(B24="Empty",OR(F24<>"",K24<>"")),"empty tray with parts; ","")&IF(AND(B24="Loaded",K24<>""),"second part: type Mixed; ","")&IF(AND(Q24<>"",N(Q24)>1),"over 100 % of the spec load; ","")&IF(N(R24)>Settings!$B$10,"over the tray maximum (kg); ","")&IF(AND(K24<>"",IFERROR(INDEX(Parts!$C$6:$C$45,MATCH(K24,Parts!$A$6:$A$45,0)),O24)<>O24),"different processes in one tray; ","")&IF(AND(S24<>"",T24=""),"rework reason missing; ",""))
A25: =IF(B25="","",COUNTA(B$7:B25)) -> 19 | B25: Loaded | D25: =IF(B25="","",IF(D24="",Report!$B$12,D24)) -> 10 | E25: =IF(B25="","",IF(C25<>"",C25,E24+D24/1440+SUMIFS(Holds!$F$7:$F$46,Holds!$B$7:$B$46,">="&E24,Holds!$B$7:$B$46,"<"&E24+D24/1440)/1440)) -> 46320.369 | F25: EX-3001 | G25: B-215 | H25: H-5590 | I25: N/A | J25: 30 | O25: =IF(F25="","",IFERROR(INDEX(Parts!$C$6:$C$45,MATCH(F25,Parts!$A$6:$A$45,0)),"")) -> NORM | P25: =IF(F25="","",IFERROR(INDEX(Parts!$E$6:$E$45,MATCH(F25,Parts!$A$6:$A$45,0)),"")) -> 30 | Q25: =IF(OR(J25="",P25="",P25=0),"",J25/P25+IF(OR(N25="",K25=""),0,IFERROR(N25/INDEX(Parts!$E$6:$E$45,MATCH(K25,Parts!$A$6:$A$45,0)),0))) -> 1 | R25: =IF(B25="","",IF(J25="",0,J25*IFERROR(INDEX(Parts!$F$6:$F$45,MATCH(F25,Parts!$A$6:$A$45,0)),0))+IF(N25="",0,N25*IFERROR(INDEX(Parts!$F$6:$F$45,MATCH(K25,Parts!$A$6:$A$45,0)),0))) -> 66 | U25: =IF(B25="","",IF(F25="",Settings!$B$9,IFERROR(INDEX(Parts!$H$6:$H$45,MATCH(F25,Parts!$A$6:$A$45,0))+0,Settings!$B$9))) -> 18 | V25: =IF(B25="","",IF(INDEX($E$7:$E$336,ROW()-6+Settings!$B$7)<>"",INDEX($E$7:$E$336,ROW()-6+Settings!$B$7),E25+Settings!$B$7*D25/1440)) -> 46320.487 | W25: =IF(B25="","",IF(INDEX($E$7:$E$336,ROW()-6+Settings!$B$7+Settings!$B$8)<>"",INDEX($E$7:$E$336,ROW()-6+Settings!$B$7+Settings!$B$8),E25+(Settings!$B$7+Settings!$B$8)*D25/1440)+U25/1440) -> 46320.583 | X25: =IF(B25="","",IF(INDEX($E$7:$E$336,ROW()-6+Settings!$B$7+Settings!$B$8)<>"","line","estimate")) -> line | Y25: =IF(B25="","",INT(W25-Settings!$B$6)) -> 46320 | AA25: =IF(B25="","",IF(AND(B25<>"Empty",F25=""),"part missing; ","")&IF(AND(F25<>"",J25=""),"pieces missing; ","")&IF(AND(F25<>"",O25=""),"part not on the Parts sheet; ","")&IF(AND(B25="Empty",OR(F25<>"",K25<>"")),"empty tray with parts; ","")&IF(AND(B25="Loaded",K25<>""),"second part: type Mixed; ","")&IF(AND(Q25<>"",N(Q25)>1),"over 100 % of the spec load; ","")&IF(N(R25)>Settings!$B$10,"over the tray maximum (kg); ","")&IF(AND(K25<>"",IFERROR(INDEX(Parts!$C$6:$C$45,MATCH(K25,Parts!$A$6:$A$45,0)),O25)<>O25),"different processes in one tray; ","")&IF(AND(S25<>"",T25=""),"rework reason missing; ",""))
A26: =IF(B26="","",COUNTA(B$7:B26)) -> 20 | B26: Loaded | D26: =IF(B26="","",IF(D25="",Report!$B$12,D25)) -> 10 | E26: =IF(B26="","",IF(C26<>"",C26,E25+D25/1440+SUMIFS(Holds!$F$7:$F$46,Holds!$B$7:$B$46,">="&E25,Holds!$B$7:$B$46,"<"&E25+D25/1440)/1440)) -> 46320.403 | F26: EX-3001 | G26: B-215 | H26: H-5590 | I26: N/A | J26: 30 | O26: =IF(F26="","",IFERROR(INDEX(Parts!$C$6:$C$45,MATCH(F26,Parts!$A$6:$A$45,0)),"")) -> NORM | P26: =IF(F26="","",IFERROR(INDEX(Parts!$E$6:$E$45,MATCH(F26,Parts!$A$6:$A$45,0)),"")) -> 30 | Q26: =IF(OR(J26="",P26="",P26=0),"",J26/P26+IF(OR(N26="",K26=""),0,IFERROR(N26/INDEX(Parts!$E$6:$E$45,MATCH(K26,Parts!$A$6:$A$45,0)),0))) -> 1 | R26: =IF(B26="","",IF(J26="",0,J26*IFERROR(INDEX(Parts!$F$6:$F$45,MATCH(F26,Parts!$A$6:$A$45,0)),0))+IF(N26="",0,N26*IFERROR(INDEX(Parts!$F$6:$F$45,MATCH(K26,Parts!$A$6:$A$45,0)),0))) -> 66 | U26: =IF(B26="","",IF(F26="",Settings!$B$9,IFERROR(INDEX(Parts!$H$6:$H$45,MATCH(F26,Parts!$A$6:$A$45,0))+0,Settings!$B$9))) -> 18 | V26: =IF(B26="","",IF(INDEX($E$7:$E$336,ROW()-6+Settings!$B$7)<>"",INDEX($E$7:$E$336,ROW()-6+Settings!$B$7),E26+Settings!$B$7*D26/1440)) -> 46320.494 | W26: =IF(B26="","",IF(INDEX($E$7:$E$336,ROW()-6+Settings!$B$7+Settings!$B$8)<>"",INDEX($E$7:$E$336,ROW()-6+Settings!$B$7+Settings!$B$8),E26+(Settings!$B$7+Settings!$B$8)*D26/1440)+U26/1440) -> 46320.59 | X26: =IF(B26="","",IF(INDEX($E$7:$E$336,ROW()-6+Settings!$B$7+Settings!$B$8)<>"","line","estimate")) -> line | Y26: =IF(B26="","",INT(W26-Settings!$B$6)) -> 46320 | AA26: =IF(B26="","",IF(AND(B26<>"Empty",F26=""),"part missing; ","")&IF(AND(F26<>"",J26=""),"pieces missing; ","")&IF(AND(F26<>"",O26=""),"part not on the Parts sheet; ","")&IF(AND(B26="Empty",OR(F26<>"",K26<>"")),"empty tray with parts; ","")&IF(AND(B26="Loaded",K26<>""),"second part: type Mixed; ","")&IF(AND(Q26<>"",N(Q26)>1),"over 100 % of the spec load; ","")&IF(N(R26)>Settings!$B$10,"over the tray maximum (kg); ","")&IF(AND(K26<>"",IFERROR(INDEX(Parts!$C$6:$C$45,MATCH(K26,Parts!$A$6:$A$45,0)),O26)<>O26),"different processes in one tray; ","")&IF(AND(S26<>"",T26=""),"rework reason missing; ",""))
A27: =IF(B27="","",COUNTA(B$7:B27)) -> 21 | B27: Loaded | D27: =IF(B27="","",IF(D26="",Report!$B$12,D26)) -> 10 | E27: =IF(B27="","",IF(C27<>"",C27,E26+D26/1440+SUMIFS(Holds!$F$7:$F$46,Holds!$B$7:$B$46,">="&E26,Holds!$B$7:$B$46,"<"&E26+D26/1440)/1440)) -> 46320.41 | F27: EX-3001 | G27: B-215 | H27: H-5590 | I27: N/A | J27: 30 | O27: =IF(F27="","",IFERROR(INDEX(Parts!$C$6:$C$45,MATCH(F27,Parts!$A$6:$A$45,0)),"")) -> NORM | P27: =IF(F27="","",IFERROR(INDEX(Parts!$E$6:$E$45,MATCH(F27,Parts!$A$6:$A$45,0)),"")) -> 30 | Q27: =IF(OR(J27="",P27="",P27=0),"",J27/P27+IF(OR(N27="",K27=""),0,IFERROR(N27/INDEX(Parts!$E$6:$E$45,MATCH(K27,Parts!$A$6:$A$45,0)),0))) -> 1 | R27: =IF(B27="","",IF(J27="",0,J27*IFERROR(INDEX(Parts!$F$6:$F$45,MATCH(F27,Parts!$A$6:$A$45,0)),0))+IF(N27="",0,N27*IFERROR(INDEX(Parts!$F$6:$F$45,MATCH(K27,Parts!$A$6:$A$45,0)),0))) -> 66 | U27: =IF(B27="","",IF(F27="",Settings!$B$9,IFERROR(INDEX(Parts!$H$6:$H$45,MATCH(F27,Parts!$A$6:$A$45,0))+0,Settings!$B$9))) -> 18 | V27: =IF(B27="","",IF(INDEX($E$7:$E$336,ROW()-6+Settings!$B$7)<>"",INDEX($E$7:$E$336,ROW()-6+Settings!$B$7),E27+Settings!$B$7*D27/1440)) -> 46320.501 | W27: =IF(B27="","",IF(INDEX($E$7:$E$336,ROW()-6+Settings!$B$7+Settings!$B$8)<>"",INDEX($E$7:$E$336,ROW()-6+Settings!$B$7+Settings!$B$8),E27+(Settings!$B$7+Settings!$B$8)*D27/1440)+U27/1440) -> 46320.597 | X27: =IF(B27="","",IF(INDEX($E$7:$E$336,ROW()-6+Settings!$B$7+Settings!$B$8)<>"","line","estimate")) -> estimate | Y27: =IF(B27="","",INT(W27-Settings!$B$6)) -> 46320 | AA27: =IF(B27="","",IF(AND(B27<>"Empty",F27=""),"part missing; ","")&IF(AND(F27<>"",J27=""),"pieces missing; ","")&IF(AND(F27<>"",O27=""),"part not on the Parts sheet; ","")&IF(AND(B27="Empty",OR(F27<>"",K27<>"")),"empty tray with parts; ","")&IF(AND(B27="Loaded",K27<>""),"second part: type Mixed; ","")&IF(AND(Q27<>"",N(Q27)>1),"over 100 % of the spec load; ","")&IF(N(R27)>Settings!$B$10,"over the tray maximum (kg); ","")&IF(AND(K27<>"",IFERROR(INDEX(Parts!$C$6:$C$45,MATCH(K27,Parts!$A$6:$A$45,0)),O27)<>O27),"different processes in one tray; ","")&IF(AND(S27<>"",T27=""),"rework reason missing; ",""))
A28: =IF(B28="","",COUNTA(B$7:B28)) -> 22 | B28: Loaded | D28: =IF(B28="","",IF(D27="",Report!$B$12,D27)) -> 10 | E28: =IF(B28="","",IF(C28<>"",C28,E27+D27/1440+SUMIFS(Holds!$F$7:$F$46,Holds!$B$7:$B$46,">="&E27,Holds!$B$7:$B$46,"<"&E27+D27/1440)/1440)) -> 46320.417 | F28: EX-3001 | G28: B-215 | H28: H-5590 | I28: N/A | J28: 30 | O28: =IF(F28="","",IFERROR(INDEX(Parts!$C$6:$C$45,MATCH(F28,Parts!$A$6:$A$45,0)),"")) -> NORM | P28: =IF(F28="","",IFERROR(INDEX(Parts!$E$6:$E$45,MATCH(F28,Parts!$A$6:$A$45,0)),"")) -> 30 | Q28: =IF(OR(J28="",P28="",P28=0),"",J28/P28+IF(OR(N28="",K28=""),0,IFERROR(N28/INDEX(Parts!$E$6:$E$45,MATCH(K28,Parts!$A$6:$A$45,0)),0))) -> 1 | R28: =IF(B28="","",IF(J28="",0,J28*IFERROR(INDEX(Parts!$F$6:$F$45,MATCH(F28,Parts!$A$6:$A$45,0)),0))+IF(N28="",0,N28*IFERROR(INDEX(Parts!$F$6:$F$45,MATCH(K28,Parts!$A$6:$A$45,0)),0))) -> 66 | U28: =IF(B28="","",IF(F28="",Settings!$B$9,IFERROR(INDEX(Parts!$H$6:$H$45,MATCH(F28,Parts!$A$6:$A$45,0))+0,Settings!$B$9))) -> 18 | V28: =IF(B28="","",IF(INDEX($E$7:$E$336,ROW()-6+Settings!$B$7)<>"",INDEX($E$7:$E$336,ROW()-6+Settings!$B$7),E28+Settings!$B$7*D28/1440)) -> 46320.508 | W28: =IF(B28="","",IF(INDEX($E$7:$E$336,ROW()-6+Settings!$B$7+Settings!$B$8)<>"",INDEX($E$7:$E$336,ROW()-6+Settings!$B$7+Settings!$B$8),E28+(Settings!$B$7+Settings!$B$8)*D28/1440)+U28/1440) -> 46320.603 | X28: =IF(B28="","",IF(INDEX($E$7:$E$336,ROW()-6+Settings!$B$7+Settings!$B$8)<>"","line","estimate")) -> estimate | Y28: =IF(B28="","",INT(W28-Settings!$B$6)) -> 46320 | AA28: =IF(B28="","",IF(AND(B28<>"Empty",F28=""),"part missing; ","")&IF(AND(F28<>"",J28=""),"pieces missing; ","")&IF(AND(F28<>"",O28=""),"part not on the Parts sheet; ","")&IF(AND(B28="Empty",OR(F28<>"",K28<>"")),"empty tray with parts; ","")&IF(AND(B28="Loaded",K28<>""),"second part: type Mixed; ","")&IF(AND(Q28<>"",N(Q28)>1),"over 100 % of the spec load; ","")&IF(N(R28)>Settings!$B$10,"over the tray maximum (kg); ","")&IF(AND(K28<>"",IFERROR(INDEX(Parts!$C$6:$C$45,MATCH(K28,Parts!$A$6:$A$45,0)),O28)<>O28),"different processes in one tray; ","")&IF(AND(S28<>"",T28=""),"rework reason missing; ",""))
A29: =IF(B29="","",COUNTA(B$7:B29)) -> 23 | B29: Loaded | D29: =IF(B29="","",IF(D28="",Report!$B$12,D28)) -> 10 | E29: =IF(B29="","",IF(C29<>"",C29,E28+D28/1440+SUMIFS(Holds!$F$7:$F$46,Holds!$B$7:$B$46,">="&E28,Holds!$B$7:$B$46,"<"&E28+D28/1440)/1440)) -> 46320.424 | F29: EX-3001 | G29: B-215 | H29: H-5590 | I29: N/A | J29: 30 | O29: =IF(F29="","",IFERROR(INDEX(Parts!$C$6:$C$45,MATCH(F29,Parts!$A$6:$A$45,0)),"")) -> NORM | P29: =IF(F29="","",IFERROR(INDEX(Parts!$E$6:$E$45,MATCH(F29,Parts!$A$6:$A$45,0)),"")) -> 30 | Q29: =IF(OR(J29="",P29="",P29=0),"",J29/P29+IF(OR(N29="",K29=""),0,IFERROR(N29/INDEX(Parts!$E$6:$E$45,MATCH(K29,Parts!$A$6:$A$45,0)),0))) -> 1 | R29: =IF(B29="","",IF(J29="",0,J29*IFERROR(INDEX(Parts!$F$6:$F$45,MATCH(F29,Parts!$A$6:$A$45,0)),0))+IF(N29="",0,N29*IFERROR(INDEX(Parts!$F$6:$F$45,MATCH(K29,Parts!$A$6:$A$45,0)),0))) -> 66 | U29: =IF(B29="","",IF(F29="",Settings!$B$9,IFERROR(INDEX(Parts!$H$6:$H$45,MATCH(F29,Parts!$A$6:$A$45,0))+0,Settings!$B$9))) -> 18 | V29: =IF(B29="","",IF(INDEX($E$7:$E$336,ROW()-6+Settings!$B$7)<>"",INDEX($E$7:$E$336,ROW()-6+Settings!$B$7),E29+Settings!$B$7*D29/1440)) -> 46320.515 | W29: =IF(B29="","",IF(INDEX($E$7:$E$336,ROW()-6+Settings!$B$7+Settings!$B$8)<>"",INDEX($E$7:$E$336,ROW()-6+Settings!$B$7+Settings!$B$8),E29+(Settings!$B$7+Settings!$B$8)*D29/1440)+U29/1440) -> 46320.61 | X29: =IF(B29="","",IF(INDEX($E$7:$E$336,ROW()-6+Settings!$B$7+Settings!$B$8)<>"","line","estimate")) -> estimate | Y29: =IF(B29="","",INT(W29-Settings!$B$6)) -> 46320 | AA29: =IF(B29="","",IF(AND(B29<>"Empty",F29=""),"part missing; ","")&IF(AND(F29<>"",J29=""),"pieces missing; ","")&IF(AND(F29<>"",O29=""),"part not on the Parts sheet; ","")&IF(AND(B29="Empty",OR(F29<>"",K29<>"")),"empty tray with parts; ","")&IF(AND(B29="Loaded",K29<>""),"second part: type Mixed; ","")&IF(AND(Q29<>"",N(Q29)>1),"over 100 % of the spec load; ","")&IF(N(R29)>Settings!$B$10,"over the tray maximum (kg); ","")&IF(AND(K29<>"",IFERROR(INDEX(Parts!$C$6:$C$45,MATCH(K29,Parts!$A$6:$A$45,0)),O29)<>O29),"different processes in one tray; ","")&IF(AND(S29<>"",T29=""),"rework reason missing; ",""))
A30: =IF(B30="","",COUNTA(B$7:B30)) -> 24 | B30: Mixed | D30: =IF(B30="","",IF(D29="",Report!$B$12,D29)) -> 10 | E30: =IF(B30="","",IF(C30<>"",C30,E29+D29/1440+SUMIFS(Holds!$F$7:$F$46,Holds!$B$7:$B$46,">="&E29,Holds!$B$7:$B$46,"<"&E29+D29/1440)/1440)) -> 46320.431 | F30: EX-3001 | G30: B-215 | H30: H-5590 | I30: N/A | J30: 12 | K30: EX-3001 | L30: B-216 | M30: H-5591 | N30: 15 | O30: =IF(F30="","",IFERROR(INDEX(Parts!$C$6:$C$45,MATCH(F30,Parts!$A$6:$A$45,0)),"")) -> NORM | P30: =IF(F30="","",IFERROR(INDEX(Parts!$E$6:$E$45,MATCH(F30,Parts!$A$6:$A$45,0)),"")) -> 30 | Q30: =IF(OR(J30="",P30="",P30=0),"",J30/P30+IF(OR(N30="",K30=""),0,IFERROR(N30/INDEX(Parts!$E$6:$E$45,MATCH(K30,Parts!$A$6:$A$45,0)),0))) -> 0.9 | R30: =IF(B30="","",IF(J30="",0,J30*IFERROR(INDEX(Parts!$F$6:$F$45,MATCH(F30,Parts!$A$6:$A$45,0)),0))+IF(N30="",0,N30*IFERROR(INDEX(Parts!$F$6:$F$45,MATCH(K30,Parts!$A$6:$A$45,0)),0))) -> 59.4 | U30: =IF(B30="","",IF(F30="",Settings!$B$9,IFERROR(INDEX(Parts!$H$6:$H$45,MATCH(F30,Parts!$A$6:$A$45,0))+0,Settings!$B$9))) -> 18 | V30: =IF(B30="","",IF(INDEX($E$7:$E$336,ROW()-6+Settings!$B$7)<>"",INDEX($E$7:$E$336,ROW()-6+Settings!$B$7),E30+Settings!$B$7*D30/1440)) -> 46320.522 | W30: =IF(B30="","",IF(INDEX($E$7:$E$336,ROW()-6+Settings!$B$7+Settings!$B$8)<>"",INDEX($E$7:$E$336,ROW()-6+Settings!$B$7+Settings!$B$8),E30+(Settings!$B$7+Settings!$B$8)*D30/1440)+U30/1440) -> 46320.617 | X30: =IF(B30="","",IF(INDEX($E$7:$E$336,ROW()-6+Settings!$B$7+Settings!$B$8)<>"","line","estimate")) -> estimate | Y30: =IF(B30="","",INT(W30-Settings!$B$6)) -> 46320 | AA30: =IF(B30="","",IF(AND(B30<>"Empty",F30=""),"part missing; ","")&IF(AND(F30<>"",J30=""),"pieces missing; ","")&IF(AND(F30<>"",O30=""),"part not on the Parts sheet; ","")&IF(AND(B30="Empty",OR(F30<>"",K30<>"")),"empty tray with parts; ","")&IF(AND(B30="Loaded",K30<>""),"second part: type Mixed; ","")&IF(AND(Q30<>"",N(Q30)>1),"over 100 % of the spec load; ","")&IF(N(R30)>Settings!$B$10,"over the tray maximum (kg); ","")&IF(AND(K30<>"",IFERROR(INDEX(Parts!$C$6:$C$45,MATCH(K30,Parts!$A$6:$A$45,0)),O30)<>O30),"different processes in one tray; ","")&IF(AND(S30<>"",T30=""),"rework reason missing; ",""))
A31: =IF(B31="","",COUNTA(B$7:B31)) -> 25 | B31: Empty | D31: =IF(B31="","",IF(D30="",Report!$B$12,D30)) -> 10 | E31: =IF(B31="","",IF(C31<>"",C31,E30+D30/1440+SUMIFS(Holds!$F$7:$F$46,Holds!$B$7:$B$46,">="&E30,Holds!$B$7:$B$46,"<"&E30+D30/1440)/1440)) -> 46320.438 | O31: =IF(F31="","",IFERROR(INDEX(Parts!$C$6:$C$45,MATCH(F31,Parts!$A$6:$A$45,0)),"")) | P31: =IF(F31="","",IFERROR(INDEX(Parts!$E$6:$E$45,MATCH(F31,Parts!$A$6:$A$45,0)),"")) | Q31: =IF(OR(J31="",P31="",P31=0),"",J31/P31+IF(OR(N31="",K31=""),0,IFERROR(N31/INDEX(Parts!$E$6:$E$45,MATCH(K31,Parts!$A$6:$A$45,0)),0))) | R31: =IF(B31="","",IF(J31="",0,J31*IFERROR(INDEX(Parts!$F$6:$F$45,MATCH(F31,Parts!$A$6:$A$45,0)),0))+IF(N31="",0,N31*IFERROR(INDEX(Parts!$F$6:$F$45,MATCH(K31,Parts!$A$6:$A$45,0)),0))) -> 0 | U31: =IF(B31="","",IF(F31="",Settings!$B$9,IFERROR(INDEX(Parts!$H$6:$H$45,MATCH(F31,Parts!$A$6:$A$45,0))+0,Settings!$B$9))) -> 18 | V31: =IF(B31="","",IF(INDEX($E$7:$E$336,ROW()-6+Settings!$B$7)<>"",INDEX($E$7:$E$336,ROW()-6+Settings!$B$7),E31+Settings!$B$7*D31/1440)) -> 46320.528 | W31: =IF(B31="","",IF(INDEX($E$7:$E$336,ROW()-6+Settings!$B$7+Settings!$B$8)<>"",INDEX($E$7:$E$336,ROW()-6+Settings!$B$7+Settings!$B$8),E31+(Settings!$B$7+Settings!$B$8)*D31/1440)+U31/1440) -> 46320.624 | X31: =IF(B31="","",IF(INDEX($E$7:$E$336,ROW()-6+Settings!$B$7+Settings!$B$8)<>"","line","estimate")) -> estimate | Y31: =IF(B31="","",INT(W31-Settings!$B$6)) -> 46320 | AA31: =IF(B31="","",IF(AND(B31<>"Empty",F31=""),"part missing; ","")&IF(AND(F31<>"",J31=""),"pieces missing; ","")&IF(AND(F31<>"",O31=""),"part not on the Parts sheet; ","")&IF(AND(B31="Empty",OR(F31<>"",K31<>"")),"empty tray with parts; ","")&IF(AND(B31="Loaded",K31<>""),"second part: type Mixed; ","")&IF(AND(Q31<>"",N(Q31)>1),"over 100 % of the spec load; ","")&IF(N(R31)>Settings!$B$10,"over the tray maximum (kg); ","")&IF(AND(K31<>"",IFERROR(INDEX(Parts!$C$6:$C$45,MATCH(K31,Parts!$A$6:$A$45,0)),O31)<>O31),"different processes in one tray; ","")&IF(AND(S31<>"",T31=""),"rework reason missing; ",""))
A32: =IF(B32="","",COUNTA(B$7:B32)) -> 26 | B32: Loaded | D32: =IF(B32="","",IF(D31="",Report!$B$12,D31)) -> 10 | E32: =IF(B32="","",IF(C32<>"",C32,E31+D31/1440+SUMIFS(Holds!$F$7:$F$46,Holds!$B$7:$B$46,">="&E31,Holds!$B$7:$B$46,"<"&E31+D31/1440)/1440)) -> 46320.445 | F32: EX-2001 | G32: B-330 | H32: H-5602 | I32: G2 | J32: 24 | O32: =IF(F32="","",IFERROR(INDEX(Parts!$C$6:$C$45,MATCH(F32,Parts!$A$6:$A$45,0)),"")) -> IA | P32: =IF(F32="","",IFERROR(INDEX(Parts!$E$6:$E$45,MATCH(F32,Parts!$A$6:$A$45,0)),"")) -> 24 | Q32: =IF(OR(J32="",P32="",P32=0),"",J32/P32+IF(OR(N32="",K32=""),0,IFERROR(N32/INDEX(Parts!$E$6:$E$45,MATCH(K32,Parts!$A$6:$A$45,0)),0))) -> 1 | R32: =IF(B32="","",IF(J32="",0,J32*IFERROR(INDEX(Parts!$F$6:$F$45,MATCH(F32,Parts!$A$6:$A$45,0)),0))+IF(N32="",0,N32*IFERROR(INDEX(Parts!$F$6:$F$45,MATCH(K32,Parts!$A$6:$A$45,0)),0))) -> 84 | U32: =IF(B32="","",IF(F32="",Settings!$B$9,IFERROR(INDEX(Parts!$H$6:$H$45,MATCH(F32,Parts!$A$6:$A$45,0))+0,Settings!$B$9))) -> 7 | V32: =IF(B32="","",IF(INDEX($E$7:$E$336,ROW()-6+Settings!$B$7)<>"",INDEX($E$7:$E$336,ROW()-6+Settings!$B$7),E32+Settings!$B$7*D32/1440)) -> 46320.535 | W32: =IF(B32="","",IF(INDEX($E$7:$E$336,ROW()-6+Settings!$B$7+Settings!$B$8)<>"",INDEX($E$7:$E$336,ROW()-6+Settings!$B$7+Settings!$B$8),E32+(Settings!$B$7+Settings!$B$8)*D32/1440)+U32/1440) -> 46320.624 | X32: =IF(B32="","",IF(INDEX($E$7:$E$336,ROW()-6+Settings!$B$7+Settings!$B$8)<>"","line","estimate")) -> estimate | Y32: =IF(B32="","",INT(W32-Settings!$B$6)) -> 46320 | AA32: =IF(B32="","",IF(AND(B32<>"Empty",F32=""),"part missing; ","")&IF(AND(F32<>"",J32=""),"pieces missing; ","")&IF(AND(F32<>"",O32=""),"part not on the Parts sheet; ","")&IF(AND(B32="Empty",OR(F32<>"",K32<>"")),"empty tray with parts; ","")&IF(AND(B32="Loaded",K32<>""),"second part: type Mixed; ","")&IF(AND(Q32<>"",N(Q32)>1),"over 100 % of the spec load; ","")&IF(N(R32)>Settings!$B$10,"over the tray maximum (kg); ","")&IF(AND(K32<>"",IFERROR(INDEX(Parts!$C$6:$C$45,MATCH(K32,Parts!$A$6:$A$45,0)),O32)<>O32),"different processes in one tray; ","")&IF(AND(S32<>"",T32=""),"rework reason missing; ",""))
A33: =IF(B33="","",COUNTA(B$7:B33)) -> 27 | B33: Loaded | D33: =IF(B33="","",IF(D32="",Report!$B$12,D32)) -> 10 | E33: =IF(B33="","",IF(C33<>"",C33,E32+D32/1440+SUMIFS(Holds!$F$7:$F$46,Holds!$B$7:$B$46,">="&E32,Holds!$B$7:$B$46,"<"&E32+D32/1440)/1440)) -> 46320.452 | F33: EX-2001 | G33: B-330 | H33: H-5602 | I33: G2 | J33: 24 | O33: =IF(F33="","",IFERROR(INDEX(Parts!$C$6:$C$45,MATCH(F33,Parts!$A$6:$A$45,0)),"")) -> IA | P33: =IF(F33="","",IFERROR(INDEX(Parts!$E$6:$E$45,MATCH(F33,Parts!$A$6:$A$45,0)),"")) -> 24 | Q33: =IF(OR(J33="",P33="",P33=0),"",J33/P33+IF(OR(N33="",K33=""),0,IFERROR(N33/INDEX(Parts!$E$6:$E$45,MATCH(K33,Parts!$A$6:$A$45,0)),0))) -> 1 | R33: =IF(B33="","",IF(J33="",0,J33*IFERROR(INDEX(Parts!$F$6:$F$45,MATCH(F33,Parts!$A$6:$A$45,0)),0))+IF(N33="",0,N33*IFERROR(INDEX(Parts!$F$6:$F$45,MATCH(K33,Parts!$A$6:$A$45,0)),0))) -> 84 | U33: =IF(B33="","",IF(F33="",Settings!$B$9,IFERROR(INDEX(Parts!$H$6:$H$45,MATCH(F33,Parts!$A$6:$A$45,0))+0,Settings!$B$9))) -> 7 | V33: =IF(B33="","",IF(INDEX($E$7:$E$336,ROW()-6+Settings!$B$7)<>"",INDEX($E$7:$E$336,ROW()-6+Settings!$B$7),E33+Settings!$B$7*D33/1440)) -> 46320.542 | W33: =IF(B33="","",IF(INDEX($E$7:$E$336,ROW()-6+Settings!$B$7+Settings!$B$8)<>"",INDEX($E$7:$E$336,ROW()-6+Settings!$B$7+Settings!$B$8),E33+(Settings!$B$7+Settings!$B$8)*D33/1440)+U33/1440) -> 46320.631 | X33: =IF(B33="","",IF(INDEX($E$7:$E$336,ROW()-6+Settings!$B$7+Settings!$B$8)<>"","line","estimate")) -> estimate | Y33: =IF(B33="","",INT(W33-Settings!$B$6)) -> 46320 | AA33: =IF(B33="","",IF(AND(B33<>"Empty",F33=""),"part missing; ","")&IF(AND(F33<>"",J33=""),"pieces missing; ","")&IF(AND(F33<>"",O33=""),"part not on the Parts sheet; ","")&IF(AND(B33="Empty",OR(F33<>"",K33<>"")),"empty tray with parts; ","")&IF(AND(B33="Loaded",K33<>""),"second part: type Mixed; ","")&IF(AND(Q33<>"",N(Q33)>1),"over 100 % of the spec load; ","")&IF(N(R33)>Settings!$B$10,"over the tray maximum (kg); ","")&IF(AND(K33<>"",IFERROR(INDEX(Parts!$C$6:$C$45,MATCH(K33,Parts!$A$6:$A$45,0)),O33)<>O33),"different processes in one tray; ","")&IF(AND(S33<>"",T33=""),"rework reason missing; ",""))
A34: =IF(B34="","",COUNTA(B$7:B34)) -> 28 | B34: Loaded | D34: =IF(B34="","",IF(D33="",Report!$B$12,D33)) -> 10 | E34: =IF(B34="","",IF(C34<>"",C34,E33+D33/1440+SUMIFS(Holds!$F$7:$F$46,Holds!$B$7:$B$46,">="&E33,Holds!$B$7:$B$46,"<"&E33+D33/1440)/1440)) -> 46320.459 | F34: EX-2001 | G34: B-330 | H34: H-5602 | I34: G2 | J34: 24 | O34: =IF(F34="","",IFERROR(INDEX(Parts!$C$6:$C$45,MATCH(F34,Parts!$A$6:$A$45,0)),"")) -> IA | P34: =IF(F34="","",IFERROR(INDEX(Parts!$E$6:$E$45,MATCH(F34,Parts!$A$6:$A$45,0)),"")) -> 24 | Q34: =IF(OR(J34="",P34="",P34=0),"",J34/P34+IF(OR(N34="",K34=""),0,IFERROR(N34/INDEX(Parts!$E$6:$E$45,MATCH(K34,Parts!$A$6:$A$45,0)),0))) -> 1 | R34: =IF(B34="","",IF(J34="",0,J34*IFERROR(INDEX(Parts!$F$6:$F$45,MATCH(F34,Parts!$A$6:$A$45,0)),0))+IF(N34="",0,N34*IFERROR(INDEX(Parts!$F$6:$F$45,MATCH(K34,Parts!$A$6:$A$45,0)),0))) -> 84 | U34: =IF(B34="","",IF(F34="",Settings!$B$9,IFERROR(INDEX(Parts!$H$6:$H$45,MATCH(F34,Parts!$A$6:$A$45,0))+0,Settings!$B$9))) -> 7 | V34: =IF(B34="","",IF(INDEX($E$7:$E$336,ROW()-6+Settings!$B$7)<>"",INDEX($E$7:$E$336,ROW()-6+Settings!$B$7),E34+Settings!$B$7*D34/1440)) -> 46320.549 | W34: =IF(B34="","",IF(INDEX($E$7:$E$336,ROW()-6+Settings!$B$7+Settings!$B$8)<>"",INDEX($E$7:$E$336,ROW()-6+Settings!$B$7+Settings!$B$8),E34+(Settings!$B$7+Settings!$B$8)*D34/1440)+U34/1440) -> 46320.637 | X34: =IF(B34="","",IF(INDEX($E$7:$E$336,ROW()-6+Settings!$B$7+Settings!$B$8)<>"","line","estimate")) -> estimate | Y34: =IF(B34="","",INT(W34-Settings!$B$6)) -> 46320 | AA34: =IF(B34="","",IF(AND(B34<>"Empty",F34=""),"part missing; ","")&IF(AND(F34<>"",J34=""),"pieces missing; ","")&IF(AND(F34<>"",O34=""),"part not on the Parts sheet; ","")&IF(AND(B34="Empty",OR(F34<>"",K34<>"")),"empty tray with parts; ","")&IF(AND(B34="Loaded",K34<>""),"second part: type Mixed; ","")&IF(AND(Q34<>"",N(Q34)>1),"over 100 % of the spec load; ","")&IF(N(R34)>Settings!$B$10,"over the tray maximum (kg); ","")&IF(AND(K34<>"",IFERROR(INDEX(Parts!$C$6:$C$45,MATCH(K34,Parts!$A$6:$A$45,0)),O34)<>O34),"different processes in one tray; ","")&IF(AND(S34<>"",T34=""),"rework reason missing; ",""))
A35: =IF(B35="","",COUNTA(B$7:B35)) -> 29 | B35: Loaded | D35: =IF(B35="","",IF(D34="",Report!$B$12,D34)) -> 10 | E35: =IF(B35="","",IF(C35<>"",C35,E34+D34/1440+SUMIFS(Holds!$F$7:$F$46,Holds!$B$7:$B$46,">="&E34,Holds!$B$7:$B$46,"<"&E34+D34/1440)/1440)) -> 46320.466 | F35: EX-2001 | G35: B-330 | H35: H-5602 | I35: G2 | J35: 24 | O35: =IF(F35="","",IFERROR(INDEX(Parts!$C$6:$C$45,MATCH(F35,Parts!$A$6:$A$45,0)),"")) -> IA | P35: =IF(F35="","",IFERROR(INDEX(Parts!$E$6:$E$45,MATCH(F35,Parts!$A$6:$A$45,0)),"")) -> 24 | Q35: =IF(OR(J35="",P35="",P35=0),"",J35/P35+IF(OR(N35="",K35=""),0,IFERROR(N35/INDEX(Parts!$E$6:$E$45,MATCH(K35,Parts!$A$6:$A$45,0)),0))) -> 1 | R35: =IF(B35="","",IF(J35="",0,J35*IFERROR(INDEX(Parts!$F$6:$F$45,MATCH(F35,Parts!$A$6:$A$45,0)),0))+IF(N35="",0,N35*IFERROR(INDEX(Parts!$F$6:$F$45,MATCH(K35,Parts!$A$6:$A$45,0)),0))) -> 84 | U35: =IF(B35="","",IF(F35="",Settings!$B$9,IFERROR(INDEX(Parts!$H$6:$H$45,MATCH(F35,Parts!$A$6:$A$45,0))+0,Settings!$B$9))) -> 7 | V35: =IF(B35="","",IF(INDEX($E$7:$E$336,ROW()-6+Settings!$B$7)<>"",INDEX($E$7:$E$336,ROW()-6+Settings!$B$7),E35+Settings!$B$7*D35/1440)) -> 46320.556 | W35: =IF(B35="","",IF(INDEX($E$7:$E$336,ROW()-6+Settings!$B$7+Settings!$B$8)<>"",INDEX($E$7:$E$336,ROW()-6+Settings!$B$7+Settings!$B$8),E35+(Settings!$B$7+Settings!$B$8)*D35/1440)+U35/1440) -> 46320.644 | X35: =IF(B35="","",IF(INDEX($E$7:$E$336,ROW()-6+Settings!$B$7+Settings!$B$8)<>"","line","estimate")) -> estimate | Y35: =IF(B35="","",INT(W35-Settings!$B$6)) -> 46320 | AA35: =IF(B35="","",IF(AND(B35<>"Empty",F35=""),"part missing; ","")&IF(AND(F35<>"",J35=""),"pieces missing; ","")&IF(AND(F35<>"",O35=""),"part not on the Parts sheet; ","")&IF(AND(B35="Empty",OR(F35<>"",K35<>"")),"empty tray with parts; ","")&IF(AND(B35="Loaded",K35<>""),"second part: type Mixed; ","")&IF(AND(Q35<>"",N(Q35)>1),"over 100 % of the spec load; ","")&IF(N(R35)>Settings!$B$10,"over the tray maximum (kg); ","")&IF(AND(K35<>"",IFERROR(INDEX(Parts!$C$6:$C$45,MATCH(K35,Parts!$A$6:$A$45,0)),O35)<>O35),"different processes in one tray; ","")&IF(AND(S35<>"",T35=""),"rework reason missing; ",""))
A36: =IF(B36="","",COUNTA(B$7:B36)) -> 30 | B36: Loaded | D36: =IF(B36="","",IF(D35="",Report!$B$12,D35)) -> 10 | E36: =IF(B36="","",IF(C36<>"",C36,E35+D35/1440+SUMIFS(Holds!$F$7:$F$46,Holds!$B$7:$B$46,">="&E35,Holds!$B$7:$B$46,"<"&E35+D35/1440)/1440)) -> 46320.473 | F36: EX-2001 | G36: B-330 | H36: H-5602 | I36: G2 | J36: 24 | O36: =IF(F36="","",IFERROR(INDEX(Parts!$C$6:$C$45,MATCH(F36,Parts!$A$6:$A$45,0)),"")) -> IA | P36: =IF(F36="","",IFERROR(INDEX(Parts!$E$6:$E$45,MATCH(F36,Parts!$A$6:$A$45,0)),"")) -> 24 | Q36: =IF(OR(J36="",P36="",P36=0),"",J36/P36+IF(OR(N36="",K36=""),0,IFERROR(N36/INDEX(Parts!$E$6:$E$45,MATCH(K36,Parts!$A$6:$A$45,0)),0))) -> 1 | R36: =IF(B36="","",IF(J36="",0,J36*IFERROR(INDEX(Parts!$F$6:$F$45,MATCH(F36,Parts!$A$6:$A$45,0)),0))+IF(N36="",0,N36*IFERROR(INDEX(Parts!$F$6:$F$45,MATCH(K36,Parts!$A$6:$A$45,0)),0))) -> 84 | U36: =IF(B36="","",IF(F36="",Settings!$B$9,IFERROR(INDEX(Parts!$H$6:$H$45,MATCH(F36,Parts!$A$6:$A$45,0))+0,Settings!$B$9))) -> 7 | V36: =IF(B36="","",IF(INDEX($E$7:$E$336,ROW()-6+Settings!$B$7)<>"",INDEX($E$7:$E$336,ROW()-6+Settings!$B$7),E36+Settings!$B$7*D36/1440)) -> 46320.563 | W36: =IF(B36="","",IF(INDEX($E$7:$E$336,ROW()-6+Settings!$B$7+Settings!$B$8)<>"",INDEX($E$7:$E$336,ROW()-6+Settings!$B$7+Settings!$B$8),E36+(Settings!$B$7+Settings!$B$8)*D36/1440)+U36/1440) -> 46320.651 | X36: =IF(B36="","",IF(INDEX($E$7:$E$336,ROW()-6+Settings!$B$7+Settings!$B$8)<>"","line","estimate")) -> estimate | Y36: =IF(B36="","",INT(W36-Settings!$B$6)) -> 46320 | AA36: =IF(B36="","",IF(AND(B36<>"Empty",F36=""),"part missing; ","")&IF(AND(F36<>"",J36=""),"pieces missing; ","")&IF(AND(F36<>"",O36=""),"part not on the Parts sheet; ","")&IF(AND(B36="Empty",OR(F36<>"",K36<>"")),"empty tray with parts; ","")&IF(AND(B36="Loaded",K36<>""),"second part: type Mixed; ","")&IF(AND(Q36<>"",N(Q36)>1),"over 100 % of the spec load; ","")&IF(N(R36)>Settings!$B$10,"over the tray maximum (kg); ","")&IF(AND(K36<>"",IFERROR(INDEX(Parts!$C$6:$C$45,MATCH(K36,Parts!$A$6:$A$45,0)),O36)<>O36),"different processes in one tray; ","")&IF(AND(S36<>"",T36=""),"rework reason missing; ",""))
A37: =IF(B37="","",COUNTA(B$7:B37)) -> 31 | B37: Loaded | D37: =IF(B37="","",IF(D36="",Report!$B$12,D36)) -> 10 | E37: =IF(B37="","",IF(C37<>"",C37,E36+D36/1440+SUMIFS(Holds!$F$7:$F$46,Holds!$B$7:$B$46,">="&E36,Holds!$B$7:$B$46,"<"&E36+D36/1440)/1440)) -> 46320.48 | F37: EX-2001 | G37: B-330 | H37: H-5602 | I37: G2 | J37: 24 | O37: =IF(F37="","",IFERROR(INDEX(Parts!$C$6:$C$45,MATCH(F37,Parts!$A$6:$A$45,0)),"")) -> IA | P37: =IF(F37="","",IFERROR(INDEX(Parts!$E$6:$E$45,MATCH(F37,Parts!$A$6:$A$45,0)),"")) -> 24 | Q37: =IF(OR(J37="",P37="",P37=0),"",J37/P37+IF(OR(N37="",K37=""),0,IFERROR(N37/INDEX(Parts!$E$6:$E$45,MATCH(K37,Parts!$A$6:$A$45,0)),0))) -> 1 | R37: =IF(B37="","",IF(J37="",0,J37*IFERROR(INDEX(Parts!$F$6:$F$45,MATCH(F37,Parts!$A$6:$A$45,0)),0))+IF(N37="",0,N37*IFERROR(INDEX(Parts!$F$6:$F$45,MATCH(K37,Parts!$A$6:$A$45,0)),0))) -> 84 | U37: =IF(B37="","",IF(F37="",Settings!$B$9,IFERROR(INDEX(Parts!$H$6:$H$45,MATCH(F37,Parts!$A$6:$A$45,0))+0,Settings!$B$9))) -> 7 | V37: =IF(B37="","",IF(INDEX($E$7:$E$336,ROW()-6+Settings!$B$7)<>"",INDEX($E$7:$E$336,ROW()-6+Settings!$B$7),E37+Settings!$B$7*D37/1440)) -> 46320.57 | W37: =IF(B37="","",IF(INDEX($E$7:$E$336,ROW()-6+Settings!$B$7+Settings!$B$8)<>"",INDEX($E$7:$E$336,ROW()-6+Settings!$B$7+Settings!$B$8),E37+(Settings!$B$7+Settings!$B$8)*D37/1440)+U37/1440) -> 46320.658 | X37: =IF(B37="","",IF(INDEX($E$7:$E$336,ROW()-6+Settings!$B$7+Settings!$B$8)<>"","line","estimate")) -> estimate | Y37: =IF(B37="","",INT(W37-Settings!$B$6)) -> 46320 | AA37: =IF(B37="","",IF(AND(B37<>"Empty",F37=""),"part missing; ","")&IF(AND(F37<>"",J37=""),"pieces missing; ","")&IF(AND(F37<>"",O37=""),"part not on the Parts sheet; ","")&IF(AND(B37="Empty",OR(F37<>"",K37<>"")),"empty tray with parts; ","")&IF(AND(B37="Loaded",K37<>""),"second part: type Mixed; ","")&IF(AND(Q37<>"",N(Q37)>1),"over 100 % of the spec load; ","")&IF(N(R37)>Settings!$B$10,"over the tray maximum (kg); ","")&IF(AND(K37<>"",IFERROR(INDEX(Parts!$C$6:$C$45,MATCH(K37,Parts!$A$6:$A$45,0)),O37)<>O37),"different processes in one tray; ","")&IF(AND(S37<>"",T37=""),"rework reason missing; ",""))
A38: =IF(B38="","",COUNTA(B$7:B38)) -> 32 | B38: Loaded | D38: =IF(B38="","",IF(D37="",Report!$B$12,D37)) -> 10 | E38: =IF(B38="","",IF(C38<>"",C38,E37+D37/1440+SUMIFS(Holds!$F$7:$F$46,Holds!$B$7:$B$46,">="&E37,Holds!$B$7:$B$46,"<"&E37+D37/1440)/1440)) -> 46320.487 | F38: EX-2001 | G38: B-330 | H38: H-5602 | I38: G2 | J38: 24 | O38: =IF(F38="","",IFERROR(INDEX(Parts!$C$6:$C$45,MATCH(F38,Parts!$A$6:$A$45,0)),"")) -> IA | P38: =IF(F38="","",IFERROR(INDEX(Parts!$E$6:$E$45,MATCH(F38,Parts!$A$6:$A$45,0)),"")) -> 24 | Q38: =IF(OR(J38="",P38="",P38=0),"",J38/P38+IF(OR(N38="",K38=""),0,IFERROR(N38/INDEX(Parts!$E$6:$E$45,MATCH(K38,Parts!$A$6:$A$45,0)),0))) -> 1 | R38: =IF(B38="","",IF(J38="",0,J38*IFERROR(INDEX(Parts!$F$6:$F$45,MATCH(F38,Parts!$A$6:$A$45,0)),0))+IF(N38="",0,N38*IFERROR(INDEX(Parts!$F$6:$F$45,MATCH(K38,Parts!$A$6:$A$45,0)),0))) -> 84 | U38: =IF(B38="","",IF(F38="",Settings!$B$9,IFERROR(INDEX(Parts!$H$6:$H$45,MATCH(F38,Parts!$A$6:$A$45,0))+0,Settings!$B$9))) -> 7 | V38: =IF(B38="","",IF(INDEX($E$7:$E$336,ROW()-6+Settings!$B$7)<>"",INDEX($E$7:$E$336,ROW()-6+Settings!$B$7),E38+Settings!$B$7*D38/1440)) -> 46320.577 | W38: =IF(B38="","",IF(INDEX($E$7:$E$336,ROW()-6+Settings!$B$7+Settings!$B$8)<>"",INDEX($E$7:$E$336,ROW()-6+Settings!$B$7+Settings!$B$8),E38+(Settings!$B$7+Settings!$B$8)*D38/1440)+U38/1440) -> 46320.665 | X38: =IF(B38="","",IF(INDEX($E$7:$E$336,ROW()-6+Settings!$B$7+Settings!$B$8)<>"","line","estimate")) -> estimate | Y38: =IF(B38="","",INT(W38-Settings!$B$6)) -> 46320 | AA38: =IF(B38="","",IF(AND(B38<>"Empty",F38=""),"part missing; ","")&IF(AND(F38<>"",J38=""),"pieces missing; ","")&IF(AND(F38<>"",O38=""),"part not on the Parts sheet; ","")&IF(AND(B38="Empty",OR(F38<>"",K38<>"")),"empty tray with parts; ","")&IF(AND(B38="Loaded",K38<>""),"second part: type Mixed; ","")&IF(AND(Q38<>"",N(Q38)>1),"over 100 % of the spec load; ","")&IF(N(R38)>Settings!$B$10,"over the tray maximum (kg); ","")&IF(AND(K38<>"",IFERROR(INDEX(Parts!$C$6:$C$45,MATCH(K38,Parts!$A$6:$A$45,0)),O38)<>O38),"different processes in one tray; ","")&IF(AND(S38<>"",T38=""),"rework reason missing; ",""))
A39: =IF(B39="","",COUNTA(B$7:B39)) -> 33 | B39: Loaded | D39: =IF(B39="","",IF(D38="",Report!$B$12,D38)) -> 10 | E39: =IF(B39="","",IF(C39<>"",C39,E38+D38/1440+SUMIFS(Holds!$F$7:$F$46,Holds!$B$7:$B$46,">="&E38,Holds!$B$7:$B$46,"<"&E38+D38/1440)/1440)) -> 46320.494 | F39: EX-2001 | G39: B-330 | H39: H-5602 | I39: G2 | J39: 24 | O39: =IF(F39="","",IFERROR(INDEX(Parts!$C$6:$C$45,MATCH(F39,Parts!$A$6:$A$45,0)),"")) -> IA | P39: =IF(F39="","",IFERROR(INDEX(Parts!$E$6:$E$45,MATCH(F39,Parts!$A$6:$A$45,0)),"")) -> 24 | Q39: =IF(OR(J39="",P39="",P39=0),"",J39/P39+IF(OR(N39="",K39=""),0,IFERROR(N39/INDEX(Parts!$E$6:$E$45,MATCH(K39,Parts!$A$6:$A$45,0)),0))) -> 1 | R39: =IF(B39="","",IF(J39="",0,J39*IFERROR(INDEX(Parts!$F$6:$F$45,MATCH(F39,Parts!$A$6:$A$45,0)),0))+IF(N39="",0,N39*IFERROR(INDEX(Parts!$F$6:$F$45,MATCH(K39,Parts!$A$6:$A$45,0)),0))) -> 84 | U39: =IF(B39="","",IF(F39="",Settings!$B$9,IFERROR(INDEX(Parts!$H$6:$H$45,MATCH(F39,Parts!$A$6:$A$45,0))+0,Settings!$B$9))) -> 7 | V39: =IF(B39="","",IF(INDEX($E$7:$E$336,ROW()-6+Settings!$B$7)<>"",INDEX($E$7:$E$336,ROW()-6+Settings!$B$7),E39+Settings!$B$7*D39/1440)) -> 46320.584 | W39: =IF(B39="","",IF(INDEX($E$7:$E$336,ROW()-6+Settings!$B$7+Settings!$B$8)<>"",INDEX($E$7:$E$336,ROW()-6+Settings!$B$7+Settings!$B$8),E39+(Settings!$B$7+Settings!$B$8)*D39/1440)+U39/1440) -> 46320.672 | X39: =IF(B39="","",IF(INDEX($E$7:$E$336,ROW()-6+Settings!$B$7+Settings!$B$8)<>"","line","estimate")) -> estimate | Y39: =IF(B39="","",INT(W39-Settings!$B$6)) -> 46320 | AA39: =IF(B39="","",IF(AND(B39<>"Empty",F39=""),"part missing; ","")&IF(AND(F39<>"",J39=""),"pieces missing; ","")&IF(AND(F39<>"",O39=""),"part not on the Parts sheet; ","")&IF(AND(B39="Empty",OR(F39<>"",K39<>"")),"empty tray with parts; ","")&IF(AND(B39="Loaded",K39<>""),"second part: type Mixed; ","")&IF(AND(Q39<>"",N(Q39)>1),"over 100 % of the spec load; ","")&IF(N(R39)>Settings!$B$10,"over the tray maximum (kg); ","")&IF(AND(K39<>"",IFERROR(INDEX(Parts!$C$6:$C$45,MATCH(K39,Parts!$A$6:$A$45,0)),O39)<>O39),"different processes in one tray; ","")&IF(AND(S39<>"",T39=""),"rework reason missing; ",""))
A40: =IF(B40="","",COUNTA(B$7:B40)) -> 34 | B40: Loaded | D40: =IF(B40="","",IF(D39="",Report!$B$12,D39)) -> 10 | E40: =IF(B40="","",IF(C40<>"",C40,E39+D39/1440+SUMIFS(Holds!$F$7:$F$46,Holds!$B$7:$B$46,">="&E39,Holds!$B$7:$B$46,"<"&E39+D39/1440)/1440)) -> 46320.501 | F40: EX-2001 | G40: B-330 | H40: H-5602 | I40: G2 | J40: 24 | O40: =IF(F40="","",IFERROR(INDEX(Parts!$C$6:$C$45,MATCH(F40,Parts!$A$6:$A$45,0)),"")) -> IA | P40: =IF(F40="","",IFERROR(INDEX(Parts!$E$6:$E$45,MATCH(F40,Parts!$A$6:$A$45,0)),"")) -> 24 | Q40: =IF(OR(J40="",P40="",P40=0),"",J40/P40+IF(OR(N40="",K40=""),0,IFERROR(N40/INDEX(Parts!$E$6:$E$45,MATCH(K40,Parts!$A$6:$A$45,0)),0))) -> 1 | R40: =IF(B40="","",IF(J40="",0,J40*IFERROR(INDEX(Parts!$F$6:$F$45,MATCH(F40,Parts!$A$6:$A$45,0)),0))+IF(N40="",0,N40*IFERROR(INDEX(Parts!$F$6:$F$45,MATCH(K40,Parts!$A$6:$A$45,0)),0))) -> 84 | U40: =IF(B40="","",IF(F40="",Settings!$B$9,IFERROR(INDEX(Parts!$H$6:$H$45,MATCH(F40,Parts!$A$6:$A$45,0))+0,Settings!$B$9))) -> 7 | V40: =IF(B40="","",IF(INDEX($E$7:$E$336,ROW()-6+Settings!$B$7)<>"",INDEX($E$7:$E$336,ROW()-6+Settings!$B$7),E40+Settings!$B$7*D40/1440)) -> 46320.591 | W40: =IF(B40="","",IF(INDEX($E$7:$E$336,ROW()-6+Settings!$B$7+Settings!$B$8)<>"",INDEX($E$7:$E$336,ROW()-6+Settings!$B$7+Settings!$B$8),E40+(Settings!$B$7+Settings!$B$8)*D40/1440)+U40/1440) -> 46320.679 | X40: =IF(B40="","",IF(INDEX($E$7:$E$336,ROW()-6+Settings!$B$7+Settings!$B$8)<>"","line","estimate")) -> estimate | Y40: =IF(B40="","",INT(W40-Settings!$B$6)) -> 46320 | AA40: =IF(B40="","",IF(AND(B40<>"Empty",F40=""),"part missing; ","")&IF(AND(F40<>"",J40=""),"pieces missing; ","")&IF(AND(F40<>"",O40=""),"part not on the Parts sheet; ","")&IF(AND(B40="Empty",OR(F40<>"",K40<>"")),"empty tray with parts; ","")&IF(AND(B40="Loaded",K40<>""),"second part: type Mixed; ","")&IF(AND(Q40<>"",N(Q40)>1),"over 100 % of the spec load; ","")&IF(N(R40)>Settings!$B$10,"over the tray maximum (kg); ","")&IF(AND(K40<>"",IFERROR(INDEX(Parts!$C$6:$C$45,MATCH(K40,Parts!$A$6:$A$45,0)),O40)<>O40),"different processes in one tray; ","")&IF(AND(S40<>"",T40=""),"rework reason missing; ",""))
A41: =IF(B41="","",COUNTA(B$7:B41)) -> 35 | B41: Loaded | D41: =IF(B41="","",IF(D40="",Report!$B$12,D40)) -> 10 | E41: =IF(B41="","",IF(C41<>"",C41,E40+D40/1440+SUMIFS(Holds!$F$7:$F$46,Holds!$B$7:$B$46,">="&E40,Holds!$B$7:$B$46,"<"&E40+D40/1440)/1440)) -> 46320.508 | F41: EX-2001 | G41: B-330 | H41: H-5602 | I41: G2 | J41: 24 | O41: =IF(F41="","",IFERROR(INDEX(Parts!$C$6:$C$45,MATCH(F41,Parts!$A$6:$A$45,0)),"")) -> IA | P41: =IF(F41="","",IFERROR(INDEX(Parts!$E$6:$E$45,MATCH(F41,Parts!$A$6:$A$45,0)),"")) -> 24 | Q41: =IF(OR(J41="",P41="",P41=0),"",J41/P41+IF(OR(N41="",K41=""),0,IFERROR(N41/INDEX(Parts!$E$6:$E$45,MATCH(K41,Parts!$A$6:$A$45,0)),0))) -> 1 | R41: =IF(B41="","",IF(J41="",0,J41*IFERROR(INDEX(Parts!$F$6:$F$45,MATCH(F41,Parts!$A$6:$A$45,0)),0))+IF(N41="",0,N41*IFERROR(INDEX(Parts!$F$6:$F$45,MATCH(K41,Parts!$A$6:$A$45,0)),0))) -> 84 | U41: =IF(B41="","",IF(F41="",Settings!$B$9,IFERROR(INDEX(Parts!$H$6:$H$45,MATCH(F41,Parts!$A$6:$A$45,0))+0,Settings!$B$9))) -> 7 | V41: =IF(B41="","",IF(INDEX($E$7:$E$336,ROW()-6+Settings!$B$7)<>"",INDEX($E$7:$E$336,ROW()-6+Settings!$B$7),E41+Settings!$B$7*D41/1440)) -> 46320.598 | W41: =IF(B41="","",IF(INDEX($E$7:$E$336,ROW()-6+Settings!$B$7+Settings!$B$8)<>"",INDEX($E$7:$E$336,ROW()-6+Settings!$B$7+Settings!$B$8),E41+(Settings!$B$7+Settings!$B$8)*D41/1440)+U41/1440) -> 46320.686 | X41: =IF(B41="","",IF(INDEX($E$7:$E$336,ROW()-6+Settings!$B$7+Settings!$B$8)<>"","line","estimate")) -> estimate | Y41: =IF(B41="","",INT(W41-Settings!$B$6)) -> 46320 | AA41: =IF(B41="","",IF(AND(B41<>"Empty",F41=""),"part missing; ","")&IF(AND(F41<>"",J41=""),"pieces missing; ","")&IF(AND(F41<>"",O41=""),"part not on the Parts sheet; ","")&IF(AND(B41="Empty",OR(F41<>"",K41<>"")),"empty tray with parts; ","")&IF(AND(B41="Loaded",K41<>""),"second part: type Mixed; ","")&IF(AND(Q41<>"",N(Q41)>1),"over 100 % of the spec load; ","")&IF(N(R41)>Settings!$B$10,"over the tray maximum (kg); ","")&IF(AND(K41<>"",IFERROR(INDEX(Parts!$C$6:$C$45,MATCH(K41,Parts!$A$6:$A$45,0)),O41)<>O41),"different processes in one tray; ","")&IF(AND(S41<>"",T41=""),"rework reason missing; ",""))
A42: =IF(B42="","",COUNTA(B$7:B42)) -> 36 | B42: Loaded | D42: =IF(B42="","",IF(D41="",Report!$B$12,D41)) -> 10 | E42: =IF(B42="","",IF(C42<>"",C42,E41+D41/1440+SUMIFS(Holds!$F$7:$F$46,Holds!$B$7:$B$46,">="&E41,Holds!$B$7:$B$46,"<"&E41+D41/1440)/1440)) -> 46320.515 | F42: EX-2001 | G42: B-330 | H42: H-5602 | I42: G2 | J42: 24 | O42: =IF(F42="","",IFERROR(INDEX(Parts!$C$6:$C$45,MATCH(F42,Parts!$A$6:$A$45,0)),"")) -> IA | P42: =IF(F42="","",IFERROR(INDEX(Parts!$E$6:$E$45,MATCH(F42,Parts!$A$6:$A$45,0)),"")) -> 24 | Q42: =IF(OR(J42="",P42="",P42=0),"",J42/P42+IF(OR(N42="",K42=""),0,IFERROR(N42/INDEX(Parts!$E$6:$E$45,MATCH(K42,Parts!$A$6:$A$45,0)),0))) -> 1 | R42: =IF(B42="","",IF(J42="",0,J42*IFERROR(INDEX(Parts!$F$6:$F$45,MATCH(F42,Parts!$A$6:$A$45,0)),0))+IF(N42="",0,N42*IFERROR(INDEX(Parts!$F$6:$F$45,MATCH(K42,Parts!$A$6:$A$45,0)),0))) -> 84 | U42: =IF(B42="","",IF(F42="",Settings!$B$9,IFERROR(INDEX(Parts!$H$6:$H$45,MATCH(F42,Parts!$A$6:$A$45,0))+0,Settings!$B$9))) -> 7 | V42: =IF(B42="","",IF(INDEX($E$7:$E$336,ROW()-6+Settings!$B$7)<>"",INDEX($E$7:$E$336,ROW()-6+Settings!$B$7),E42+Settings!$B$7*D42/1440)) -> 46320.605 | W42: =IF(B42="","",IF(INDEX($E$7:$E$336,ROW()-6+Settings!$B$7+Settings!$B$8)<>"",INDEX($E$7:$E$336,ROW()-6+Settings!$B$7+Settings!$B$8),E42+(Settings!$B$7+Settings!$B$8)*D42/1440)+U42/1440) -> 46320.693 | X42: =IF(B42="","",IF(INDEX($E$7:$E$336,ROW()-6+Settings!$B$7+Settings!$B$8)<>"","line","estimate")) -> estimate | Y42: =IF(B42="","",INT(W42-Settings!$B$6)) -> 46320 | AA42: =IF(B42="","",IF(AND(B42<>"Empty",F42=""),"part missing; ","")&IF(AND(F42<>"",J42=""),"pieces missing; ","")&IF(AND(F42<>"",O42=""),"part not on the Parts sheet; ","")&IF(AND(B42="Empty",OR(F42<>"",K42<>"")),"empty tray with parts; ","")&IF(AND(B42="Loaded",K42<>""),"second part: type Mixed; ","")&IF(AND(Q42<>"",N(Q42)>1),"over 100 % of the spec load; ","")&IF(N(R42)>Settings!$B$10,"over the tray maximum (kg); ","")&IF(AND(K42<>"",IFERROR(INDEX(Parts!$C$6:$C$45,MATCH(K42,Parts!$A$6:$A$45,0)),O42)<>O42),"different processes in one tray; ","")&IF(AND(S42<>"",T42=""),"rework reason missing; ",""))
A43: =IF(B43="","",COUNTA(B$7:B43)) -> 37 | B43: Loaded | D43: =IF(B43="","",IF(D42="",Report!$B$12,D42)) -> 10 | E43: =IF(B43="","",IF(C43<>"",C43,E42+D42/1440+SUMIFS(Holds!$F$7:$F$46,Holds!$B$7:$B$46,">="&E42,Holds!$B$7:$B$46,"<"&E42+D42/1440)/1440)) -> 46320.522 | F43: EX-2001 | G43: B-330 | H43: H-5602 | I43: G2 | J43: 24 | O43: =IF(F43="","",IFERROR(INDEX(Parts!$C$6:$C$45,MATCH(F43,Parts!$A$6:$A$45,0)),"")) -> IA | P43: =IF(F43="","",IFERROR(INDEX(Parts!$E$6:$E$45,MATCH(F43,Parts!$A$6:$A$45,0)),"")) -> 24 | Q43: =IF(OR(J43="",P43="",P43=0),"",J43/P43+IF(OR(N43="",K43=""),0,IFERROR(N43/INDEX(Parts!$E$6:$E$45,MATCH(K43,Parts!$A$6:$A$45,0)),0))) -> 1 | R43: =IF(B43="","",IF(J43="",0,J43*IFERROR(INDEX(Parts!$F$6:$F$45,MATCH(F43,Parts!$A$6:$A$45,0)),0))+IF(N43="",0,N43*IFERROR(INDEX(Parts!$F$6:$F$45,MATCH(K43,Parts!$A$6:$A$45,0)),0))) -> 84 | U43: =IF(B43="","",IF(F43="",Settings!$B$9,IFERROR(INDEX(Parts!$H$6:$H$45,MATCH(F43,Parts!$A$6:$A$45,0))+0,Settings!$B$9))) -> 7 | V43: =IF(B43="","",IF(INDEX($E$7:$E$336,ROW()-6+Settings!$B$7)<>"",INDEX($E$7:$E$336,ROW()-6+Settings!$B$7),E43+Settings!$B$7*D43/1440)) -> 46320.612 | W43: =IF(B43="","",IF(INDEX($E$7:$E$336,ROW()-6+Settings!$B$7+Settings!$B$8)<>"",INDEX($E$7:$E$336,ROW()-6+Settings!$B$7+Settings!$B$8),E43+(Settings!$B$7+Settings!$B$8)*D43/1440)+U43/1440) -> 46320.7 | X43: =IF(B43="","",IF(INDEX($E$7:$E$336,ROW()-6+Settings!$B$7+Settings!$B$8)<>"","line","estimate")) -> estimate | Y43: =IF(B43="","",INT(W43-Settings!$B$6)) -> 46320 | AA43: =IF(B43="","",IF(AND(B43<>"Empty",F43=""),"part missing; ","")&IF(AND(F43<>"",J43=""),"pieces missing; ","")&IF(AND(F43<>"",O43=""),"part not on the Parts sheet; ","")&IF(AND(B43="Empty",OR(F43<>"",K43<>"")),"empty tray with parts; ","")&IF(AND(B43="Loaded",K43<>""),"second part: type Mixed; ","")&IF(AND(Q43<>"",N(Q43)>1),"over 100 % of the spec load; ","")&IF(N(R43)>Settings!$B$10,"over the tray maximum (kg); ","")&IF(AND(K43<>"",IFERROR(INDEX(Parts!$C$6:$C$45,MATCH(K43,Parts!$A$6:$A$45,0)),O43)<>O43),"different processes in one tray; ","")&IF(AND(S43<>"",T43=""),"rework reason missing; ",""))
... A47: =IF(B47="","",COUNTA(B$7:B47)) -> 41 | B47: Loaded | D47: =IF(B47="","",IF(D46="",Report!$B$12,D46)) -> 10 | E47: =IF(B47="","",IF(C47<>"",C47,E46+D46/1440+SUMIFS(Holds!$F$7:$F$46,Holds!$B$7:$B$46,">="&E46,Holds!$B$7:$B$46,"<"&E46+D46/1440)/1440)) -> 46320.549 | F47: EX-2001 | G47: B-330 | H47: H-5602 | I47: G2 | J47: 24 | O47: =IF(F47="","",IFERROR(INDEX(Parts!$C$6:$C$45,MATCH(F47,Parts!$A$6:$A$45,0)),"")) -> IA | P47: =IF(F47="","",IFERROR(INDEX(Parts!$E$6:$E$45,MATCH(F47,Parts!$A$6:$A$45,0)),"")) -> 24 | Q47: =IF(OR(J47="",P47="",P47=0),"",J47/P47+IF(OR(N47="",K47=""),0,IFERROR(N47/INDEX(Parts!$E$6:$E$45,MATCH(K47,Parts!$A$6:$A$45,0)),0))) -> 1 | R47: =IF(B47="","",IF(J47="",0,J47*IFERROR(INDEX(Parts!$F$6:$F$45,MATCH(F47,Parts!$A$6:$A$45,0)),0))+IF(N47="",0,N47*IFERROR(INDEX(Parts!$F$6:$F$45,MATCH(K47,Parts!$A$6:$A$45,0)),0))) -> 84 | U47: =IF(B47="","",IF(F47="",Settings!$B$9,IFERROR(INDEX(Parts!$H$6:$H$45,MATCH(F47,Parts!$A$6:$A$45,0))+0,Settings!$B$9))) -> 7 | V47: =IF(B47="","",IF(INDEX($E$7:$E$336,ROW()-6+Settings!$B$7)<>"",INDEX($E$7:$E$336,ROW()-6+Settings!$B$7),E47+Settings!$B$7*D47/1440)) -> 46320.64 | W47: =IF(B47="","",IF(INDEX($E$7:$E$336,ROW()-6+Settings!$B$7+Settings!$B$8)<>"",INDEX($E$7:$E$336,ROW()-6+Settings!$B$7+Settings!$B$8),E47+(Settings!$B$7+Settings!$B$8)*D47/1440)+U47/1440) -> 46320.728 | X47: =IF(B47="","",IF(INDEX($E$7:$E$336,ROW()-6+Settings!$B$7+Settings!$B$8)<>"","line","estimate")) -> estimate | Y47: =IF(B47="","",INT(W47-Settings!$B$6)) -> 46320 | AA47: =IF(B47="","",IF(AND(B47<>"Empty",F47=""),"part missing; ","")&IF(AND(F47<>"",J47=""),"pieces missing; ","")&IF(AND(F47<>"",O47=""),"part not on the Parts sheet; ","")&IF(AND(B47="Empty",OR(F47<>"",K47<>"")),"empty tray with parts; ","")&IF(AND(B47="Loaded",K47<>""),"second part: type Mixed; ","")&IF(AND(Q47<>"",N(Q47)>1),"over 100 % of the spec load; ","")&IF(N(R47)>Settings!$B$10,"over the tray maximum (kg); ","")&IF(AND(K47<>"",IFERROR(INDEX(Parts!$C$6:$C$45,MATCH(K47,Parts!$A$6:$A$45,0)),O47)<>O47),"different processes in one tray; ","")&IF(AND(S47<>"",T47=""),"rework reason missing; ",""))
A48: =IF(B48="","",COUNTA(B$7:B48)) -> 42 | B48: Loaded | D48: =IF(B48="","",IF(D47="",Report!$B$12,D47)) -> 10 | E48: =IF(B48="","",IF(C48<>"",C48,E47+D47/1440+SUMIFS(Holds!$F$7:$F$46,Holds!$B$7:$B$46,">="&E47,Holds!$B$7:$B$46,"<"&E47+D47/1440)/1440)) -> 46320.556 | F48: EX-1001 | G48: B-103 | H48: H-5521 | I48: C7 | J48: 60 | O48: =IF(F48="","",IFERROR(INDEX(Parts!$C$6:$C$45,MATCH(F48,Parts!$A$6:$A$45,0)),"")) -> HT | P48: =IF(F48="","",IFERROR(INDEX(Parts!$E$6:$E$45,MATCH(F48,Parts!$A$6:$A$45,0)),"")) -> 60 | Q48: =IF(OR(J48="",P48="",P48=0),"",J48/P48+IF(OR(N48="",K48=""),0,IFERROR(N48/INDEX(Parts!$E$6:$E$45,MATCH(K48,Parts!$A$6:$A$45,0)),0))) -> 1 | R48: =IF(B48="","",IF(J48="",0,J48*IFERROR(INDEX(Parts!$F$6:$F$45,MATCH(F48,Parts!$A$6:$A$45,0)),0))+IF(N48="",0,N48*IFERROR(INDEX(Parts!$F$6:$F$45,MATCH(K48,Parts!$A$6:$A$45,0)),0))) -> 108 | S48: NCR-0044 | T48: Re-temper: hardness above 52 HRC | U48: =IF(B48="","",IF(F48="",Settings!$B$9,IFERROR(INDEX(Parts!$H$6:$H$45,MATCH(F48,Parts!$A$6:$A$45,0))+0,Settings!$B$9))) -> 18 | V48: =IF(B48="","",IF(INDEX($E$7:$E$336,ROW()-6+Settings!$B$7)<>"",INDEX($E$7:$E$336,ROW()-6+Settings!$B$7),E48+Settings!$B$7*D48/1440)) -> 46320.647 | W48: =IF(B48="","",IF(INDEX($E$7:$E$336,ROW()-6+Settings!$B$7+Settings!$B$8)<>"",INDEX($E$7:$E$336,ROW()-6+Settings!$B$7+Settings!$B$8),E48+(Settings!$B$7+Settings!$B$8)*D48/1440)+U48/1440) -> 46320.742 | X48: =IF(B48="","",IF(INDEX($E$7:$E$336,ROW()-6+Settings!$B$7+Settings!$B$8)<>"","line","estimate")) -> estimate | Y48: =IF(B48="","",INT(W48-Settings!$B$6)) -> 46320 | AA48: =IF(B48="","",IF(AND(B48<>"Empty",F48=""),"part missing; ","")&IF(AND(F48<>"",J48=""),"pieces missing; ","")&IF(AND(F48<>"",O48=""),"part not on the Parts sheet; ","")&IF(AND(B48="Empty",OR(F48<>"",K48<>"")),"empty tray with parts; ","")&IF(AND(B48="Loaded",K48<>""),"second part: type Mixed; ","")&IF(AND(Q48<>"",N(Q48)>1),"over 100 % of the spec load; ","")&IF(N(R48)>Settings!$B$10,"over the tray maximum (kg); ","")&IF(AND(K48<>"",IFERROR(INDEX(Parts!$C$6:$C$45,MATCH(K48,Parts!$A$6:$A$45,0)),O48)<>O48),"different processes in one tray; ","")&IF(AND(S48<>"",T48=""),"rework reason missing; ",""))
A49: =IF(B49="","",COUNTA(B$7:B49)) -> 43 | B49: Loaded | D49: =IF(B49="","",IF(D48="",Report!$B$12,D48)) -> 10 | E49: =IF(B49="","",IF(C49<>"",C49,E48+D48/1440+SUMIFS(Holds!$F$7:$F$46,Holds!$B$7:$B$46,">="&E48,Holds!$B$7:$B$46,"<"&E48+D48/1440)/1440)) -> 46320.563 | F49: EX-1001 | G49: B-103 | H49: H-5521 | I49: C7 | J49: 60 | O49: =IF(F49="","",IFERROR(INDEX(Parts!$C$6:$C$45,MATCH(F49,Parts!$A$6:$A$45,0)),"")) -> HT | P49: =IF(F49="","",IFERROR(INDEX(Parts!$E$6:$E$45,MATCH(F49,Parts!$A$6:$A$45,0)),"")) -> 60 | Q49: =IF(OR(J49="",P49="",P49=0),"",J49/P49+IF(OR(N49="",K49=""),0,IFERROR(N49/INDEX(Parts!$E$6:$E$45,MATCH(K49,Parts!$A$6:$A$45,0)),0))) -> 1 | R49: =IF(B49="","",IF(J49="",0,J49*IFERROR(INDEX(Parts!$F$6:$F$45,MATCH(F49,Parts!$A$6:$A$45,0)),0))+IF(N49="",0,N49*IFERROR(INDEX(Parts!$F$6:$F$45,MATCH(K49,Parts!$A$6:$A$45,0)),0))) -> 108 | S49: NCR-0044 | T49: Re-temper: hardness above 52 HRC | U49: =IF(B49="","",IF(F49="",Settings!$B$9,IFERROR(INDEX(Parts!$H$6:$H$45,MATCH(F49,Parts!$A$6:$A$45,0))+0,Settings!$B$9))) -> 18 | V49: =IF(B49="","",IF(INDEX($E$7:$E$336,ROW()-6+Settings!$B$7)<>"",INDEX($E$7:$E$336,ROW()-6+Settings!$B$7),E49+Settings!$B$7*D49/1440)) -> 46320.653 | W49: =IF(B49="","",IF(INDEX($E$7:$E$336,ROW()-6+Settings!$B$7+Settings!$B$8)<>"",INDEX($E$7:$E$336,ROW()-6+Settings!$B$7+Settings!$B$8),E49+(Settings!$B$7+Settings!$B$8)*D49/1440)+U49/1440) -> 46320.749 | X49: =IF(B49="","",IF(INDEX($E$7:$E$336,ROW()-6+Settings!$B$7+Settings!$B$8)<>"","line","estimate")) -> estimate | Y49: =IF(B49="","",INT(W49-Settings!$B$6)) -> 46320 | AA49: =IF(B49="","",IF(AND(B49<>"Empty",F49=""),"part missing; ","")&IF(AND(F49<>"",J49=""),"pieces missing; ","")&IF(AND(F49<>"",O49=""),"part not on the Parts sheet; ","")&IF(AND(B49="Empty",OR(F49<>"",K49<>"")),"empty tray with parts; ","")&IF(AND(B49="Loaded",K49<>""),"second part: type Mixed; ","")&IF(AND(Q49<>"",N(Q49)>1),"over 100 % of the spec load; ","")&IF(N(R49)>Settings!$B$10,"over the tray maximum (kg); ","")&IF(AND(K49<>"",IFERROR(INDEX(Parts!$C$6:$C$45,MATCH(K49,Parts!$A$6:$A$45,0)),O49)<>O49),"different processes in one tray; ","")&IF(AND(S49<>"",T49=""),"rework reason missing; ",""))
A50: =IF(B50="","",COUNTA(B$7:B50)) -> 44 | B50: Loaded | D50: =IF(B50="","",IF(D49="",Report!$B$12,D49)) -> 10 | E50: =IF(B50="","",IF(C50<>"",C50,E49+D49/1440+SUMIFS(Holds!$F$7:$F$46,Holds!$B$7:$B$46,">="&E49,Holds!$B$7:$B$46,"<"&E49+D49/1440)/1440)) -> 46320.57 | F50: EX-1001 | G50: B-103 | H50: H-5521 | I50: C7 | J50: 60 | O50: =IF(F50="","",IFERROR(INDEX(Parts!$C$6:$C$45,MATCH(F50,Parts!$A$6:$A$45,0)),"")) -> HT | P50: =IF(F50="","",IFERROR(INDEX(Parts!$E$6:$E$45,MATCH(F50,Parts!$A$6:$A$45,0)),"")) -> 60 | Q50: =IF(OR(J50="",P50="",P50=0),"",J50/P50+IF(OR(N50="",K50=""),0,IFERROR(N50/INDEX(Parts!$E$6:$E$45,MATCH(K50,Parts!$A$6:$A$45,0)),0))) -> 1 | R50: =IF(B50="","",IF(J50="",0,J50*IFERROR(INDEX(Parts!$F$6:$F$45,MATCH(F50,Parts!$A$6:$A$45,0)),0))+IF(N50="",0,N50*IFERROR(INDEX(Parts!$F$6:$F$45,MATCH(K50,Parts!$A$6:$A$45,0)),0))) -> 108 | S50: NCR-0044 | T50: Re-temper: hardness above 52 HRC | U50: =IF(B50="","",IF(F50="",Settings!$B$9,IFERROR(INDEX(Parts!$H$6:$H$45,MATCH(F50,Parts!$A$6:$A$45,0))+0,Settings!$B$9))) -> 18 | V50: =IF(B50="","",IF(INDEX($E$7:$E$336,ROW()-6+Settings!$B$7)<>"",INDEX($E$7:$E$336,ROW()-6+Settings!$B$7),E50+Settings!$B$7*D50/1440)) -> 46320.66 | W50: =IF(B50="","",IF(INDEX($E$7:$E$336,ROW()-6+Settings!$B$7+Settings!$B$8)<>"",INDEX($E$7:$E$336,ROW()-6+Settings!$B$7+Settings!$B$8),E50+(Settings!$B$7+Settings!$B$8)*D50/1440)+U50/1440) -> 46320.756 | X50: =IF(B50="","",IF(INDEX($E$7:$E$336,ROW()-6+Settings!$B$7+Settings!$B$8)<>"","line","estimate")) -> estimate | Y50: =IF(B50="","",INT(W50-Settings!$B$6)) -> 46320 | AA50: =IF(B50="","",IF(AND(B50<>"Empty",F50=""),"part missing; ","")&IF(AND(F50<>"",J50=""),"pieces missing; ","")&IF(AND(F50<>"",O50=""),"part not on the Parts sheet; ","")&IF(AND(B50="Empty",OR(F50<>"",K50<>"")),"empty tray with parts; ","")&IF(AND(B50="Loaded",K50<>""),"second part: type Mixed; ","")&IF(AND(Q50<>"",N(Q50)>1),"over 100 % of the spec load; ","")&IF(N(R50)>Settings!$B$10,"over the tray maximum (kg); ","")&IF(AND(K50<>"",IFERROR(INDEX(Parts!$C$6:$C$45,MATCH(K50,Parts!$A$6:$A$45,0)),O50)<>O50),"different processes in one tray; ","")&IF(AND(S50<>"",T50=""),"rework reason missing; ",""))
A51: =IF(B51="","",COUNTA(B$7:B51)) -> 45 | B51: Loaded | D51: =IF(B51="","",IF(D50="",Report!$B$12,D50)) -> 10 | E51: =IF(B51="","",IF(C51<>"",C51,E50+D50/1440+SUMIFS(Holds!$F$7:$F$46,Holds!$B$7:$B$46,">="&E50,Holds!$B$7:$B$46,"<"&E50+D50/1440)/1440)) -> 46320.577 | F51: EX-1001 | G51: B-103 | H51: H-5521 | I51: C7 | J51: 60 | O51: =IF(F51="","",IFERROR(INDEX(Parts!$C$6:$C$45,MATCH(F51,Parts!$A$6:$A$45,0)),"")) -> HT | P51: =IF(F51="","",IFERROR(INDEX(Parts!$E$6:$E$45,MATCH(F51,Parts!$A$6:$A$45,0)),"")) -> 60 | Q51: =IF(OR(J51="",P51="",P51=0),"",J51/P51+IF(OR(N51="",K51=""),0,IFERROR(N51/INDEX(Parts!$E$6:$E$45,MATCH(K51,Parts!$A$6:$A$45,0)),0))) -> 1 | R51: =IF(B51="","",IF(J51="",0,J51*IFERROR(INDEX(Parts!$F$6:$F$45,MATCH(F51,Parts!$A$6:$A$45,0)),0))+IF(N51="",0,N51*IFERROR(INDEX(Parts!$F$6:$F$45,MATCH(K51,Parts!$A$6:$A$45,0)),0))) -> 108 | S51: NCR-0044 | T51: Re-temper: hardness above 52 HRC | U51: =IF(B51="","",IF(F51="",Settings!$B$9,IFERROR(INDEX(Parts!$H$6:$H$45,MATCH(F51,Parts!$A$6:$A$45,0))+0,Settings!$B$9))) -> 18 | V51: =IF(B51="","",IF(INDEX($E$7:$E$336,ROW()-6+Settings!$B$7)<>"",INDEX($E$7:$E$336,ROW()-6+Settings!$B$7),E51+Settings!$B$7*D51/1440)) -> 46320.667 | W51: =IF(B51="","",IF(INDEX($E$7:$E$336,ROW()-6+Settings!$B$7+Settings!$B$8)<>"",INDEX($E$7:$E$336,ROW()-6+Settings!$B$7+Settings!$B$8),E51+(Settings!$B$7+Settings!$B$8)*D51/1440)+U51/1440) -> 46320.763 | X51: =IF(B51="","",IF(INDEX($E$7:$E$336,ROW()-6+Settings!$B$7+Settings!$B$8)<>"","line","estimate")) -> estimate | Y51: =IF(B51="","",INT(W51-Settings!$B$6)) -> 46320 | AA51: =IF(B51="","",IF(AND(B51<>"Empty",F51=""),"part missing; ","")&IF(AND(F51<>"",J51=""),"pieces missing; ","")&IF(AND(F51<>"",O51=""),"part not on the Parts sheet; ","")&IF(AND(B51="Empty",OR(F51<>"",K51<>"")),"empty tray with parts; ","")&IF(AND(B51="Loaded",K51<>""),"second part: type Mixed; ","")&IF(AND(Q51<>"",N(Q51)>1),"over 100 % of the spec load; ","")&IF(N(R51)>Settings!$B$10,"over the tray maximum (kg); ","")&IF(AND(K51<>"",IFERROR(INDEX(Parts!$C$6:$C$45,MATCH(K51,Parts!$A$6:$A$45,0)),O51)<>O51),"different processes in one tray; ","")&IF(AND(S51<>"",T51=""),"rework reason missing; ",""))
A52: =IF(B52="","",COUNTA(B$7:B52)) | D52: =IF(B52="","",IF(D51="",Report!$B$12,D51)) | E52: =IF(B52="","",IF(C52<>"",C52,E51+D51/1440+SUMIFS(Holds!$F$7:$F$46,Holds!$B$7:$B$46,">="&E51,Holds!$B$7:$B$46,"<"&E51+D51/1440)/1440)) | O52: =IF(F52="","",IFERROR(INDEX(Parts!$C$6:$C$45,MATCH(F52,Parts!$A$6:$A$45,0)),"")) | P52: =IF(F52="","",IFERROR(INDEX(Parts!$E$6:$E$45,MATCH(F52,Parts!$A$6:$A$45,0)),"")) | Q52: =IF(OR(J52="",P52="",P52=0),"",J52/P52+IF(OR(N52="",K52=""),0,IFERROR(N52/INDEX(Parts!$E$6:$E$45,MATCH(K52,Parts!$A$6:$A$45,0)),0))) | R52: =IF(B52="","",IF(J52="",0,J52*IFERROR(INDEX(Parts!$F$6:$F$45,MATCH(F52,Parts!$A$6:$A$45,0)),0))+IF(N52="",0,N52*IFERROR(INDEX(Parts!$F$6:$F$45,MATCH(K52,Parts!$A$6:$A$45,0)),0))) | U52: =IF(B52="","",IF(F52="",Settings!$B$9,IFERROR(INDEX(Parts!$H$6:$H$45,MATCH(F52,Parts!$A$6:$A$45,0))+0,Settings!$B$9))) | V52: =IF(B52="","",IF(INDEX($E$7:$E$336,ROW()-6+Settings!$B$7)<>"",INDEX($E$7:$E$336,ROW()-6+Settings!$B$7),E52+Settings!$B$7*D52/1440)) | W52: =IF(B52="","",IF(INDEX($E$7:$E$336,ROW()-6+Settings!$B$7+Settings!$B$8)<>"",INDEX($E$7:$E$336,ROW()-6+Settings!$B$7+Settings!$B$8),E52+(Settings!$B$7+Settings!$B$8)*D52/1440)+U52/1440) | X52: =IF(B52="","",IF(INDEX($E$7:$E$336,ROW()-6+Settings!$B$7+Settings!$B$8)<>"","line","estimate")) | Y52: =IF(B52="","",INT(W52-Settings!$B$6)) | AA52: =IF(B52="","",IF(AND(B52<>"Empty",F52=""),"part missing; ","")&IF(AND(F52<>"",J52=""),"pieces missing; ","")&IF(AND(F52<>"",O52=""),"part not on the Parts sheet; ","")&IF(AND(B52="Empty",OR(F52<>"",K52<>"")),"empty tray with parts; ","")&IF(AND(B52="Loaded",K52<>""),"second part: type Mixed; ","")&IF(AND(Q52<>"",N(Q52)>1),"over 100 % of the spec load; ","")&IF(N(R52)>Settings!$B$10,"over the tray maximum (kg); ","")&IF(AND(K52<>"",IFERROR(INDEX(Parts!$C$6:$C$45,MATCH(K52,Parts!$A$6:$A$45,0)),O52)<>O52),"different processes in one tray; ","")&IF(AND(S52<>"",T52=""),"rework reason missing; ",""))
A53: =IF(B53="","",COUNTA(B$7:B53)) | D53: =IF(B53="","",IF(D52="",Report!$B$12,D52)) | E53: =IF(B53="","",IF(C53<>"",C53,E52+D52/1440+SUMIFS(Holds!$F$7:$F$46,Holds!$B$7:$B$46,">="&E52,Holds!$B$7:$B$46,"<"&E52+D52/1440)/1440)) | O53: =IF(F53="","",IFERROR(INDEX(Parts!$C$6:$C$45,MATCH(F53,Parts!$A$6:$A$45,0)),"")) | P53: =IF(F53="","",IFERROR(INDEX(Parts!$E$6:$E$45,MATCH(F53,Parts!$A$6:$A$45,0)),"")) | Q53: =IF(OR(J53="",P53="",P53=0),"",J53/P53+IF(OR(N53="",K53=""),0,IFERROR(N53/INDEX(Parts!$E$6:$E$45,MATCH(K53,Parts!$A$6:$A$45,0)),0))) | R53: =IF(B53="","",IF(J53="",0,J53*IFERROR(INDEX(Parts!$F$6:$F$45,MATCH(F53,Parts!$A$6:$A$45,0)),0))+IF(N53="",0,N53*IFERROR(INDEX(Parts!$F$6:$F$45,MATCH(K53,Parts!$A$6:$A$45,0)),0))) | U53: =IF(B53="","",IF(F53="",Settings!$B$9,IFERROR(INDEX(Parts!$H$6:$H$45,MATCH(F53,Parts!$A$6:$A$45,0))+0,Settings!$B$9))) | V53: =IF(B53="","",IF(INDEX($E$7:$E$336,ROW()-6+Settings!$B$7)<>"",INDEX($E$7:$E$336,ROW()-6+Settings!$B$7),E53+Settings!$B$7*D53/1440)) | W53: =IF(B53="","",IF(INDEX($E$7:$E$336,ROW()-6+Settings!$B$7+Settings!$B$8)<>"",INDEX($E$7:$E$336,ROW()-6+Settings!$B$7+Settings!$B$8),E53+(Settings!$B$7+Settings!$B$8)*D53/1440)+U53/1440) | X53: =IF(B53="","",IF(INDEX($E$7:$E$336,ROW()-6+Settings!$B$7+Settings!$B$8)<>"","line","estimate")) | Y53: =IF(B53="","",INT(W53-Settings!$B$6)) | AA53: =IF(B53="","",IF(AND(B53<>"Empty",F53=""),"part missing; ","")&IF(AND(F53<>"",J53=""),"pieces missing; ","")&IF(AND(F53<>"",O53=""),"part not on the Parts sheet; ","")&IF(AND(B53="Empty",OR(F53<>"",K53<>"")),"empty tray with parts; ","")&IF(AND(B53="Loaded",K53<>""),"second part: type Mixed; ","")&IF(AND(Q53<>"",N(Q53)>1),"over 100 % of the spec load; ","")&IF(N(R53)>Settings!$B$10,"over the tray maximum (kg); ","")&IF(AND(K53<>"",IFERROR(INDEX(Parts!$C$6:$C$45,MATCH(K53,Parts!$A$6:$A$45,0)),O53)<>O53),"different processes in one tray; ","")&IF(AND(S53<>"",T53=""),"rework reason missing; ",""))
A54: =IF(B54="","",COUNTA(B$7:B54)) | D54: =IF(B54="","",IF(D53="",Report!$B$12,D53)) | E54: =IF(B54="","",IF(C54<>"",C54,E53+D53/1440+SUMIFS(Holds!$F$7:$F$46,Holds!$B$7:$B$46,">="&E53,Holds!$B$7:$B$46,"<"&E53+D53/1440)/1440)) | O54: =IF(F54="","",IFERROR(INDEX(Parts!$C$6:$C$45,MATCH(F54,Parts!$A$6:$A$45,0)),"")) | P54: =IF(F54="","",IFERROR(INDEX(Parts!$E$6:$E$45,MATCH(F54,Parts!$A$6:$A$45,0)),"")) | Q54: =IF(OR(J54="",P54="",P54=0),"",J54/P54+IF(OR(N54="",K54=""),0,IFERROR(N54/INDEX(Parts!$E$6:$E$45,MATCH(K54,Parts!$A$6:$A$45,0)),0))) | R54: =IF(B54="","",IF(J54="",0,J54*IFERROR(INDEX(Parts!$F$6:$F$45,MATCH(F54,Parts!$A$6:$A$45,0)),0))+IF(N54="",0,N54*IFERROR(INDEX(Parts!$F$6:$F$45,MATCH(K54,Parts!$A$6:$A$45,0)),0))) | U54: =IF(B54="","",IF(F54="",Settings!$B$9,IFERROR(INDEX(Parts!$H$6:$H$45,MATCH(F54,Parts!$A$6:$A$45,0))+0,Settings!$B$9))) | V54: =IF(B54="","",IF(INDEX($E$7:$E$336,ROW()-6+Settings!$B$7)<>"",INDEX($E$7:$E$336,ROW()-6+Settings!$B$7),E54+Settings!$B$7*D54/1440)) | W54: =IF(B54="","",IF(INDEX($E$7:$E$336,ROW()-6+Settings!$B$7+Settings!$B$8)<>"",INDEX($E$7:$E$336,ROW()-6+Settings!$B$7+Settings!$B$8),E54+(Settings!$B$7+Settings!$B$8)*D54/1440)+U54/1440) | X54: =IF(B54="","",IF(INDEX($E$7:$E$336,ROW()-6+Settings!$B$7+Settings!$B$8)<>"","line","estimate")) | Y54: =IF(B54="","",INT(W54-Settings!$B$6)) | AA54: =IF(B54="","",IF(AND(B54<>"Empty",F54=""),"part missing; ","")&IF(AND(F54<>"",J54=""),"pieces missing; ","")&IF(AND(F54<>"",O54=""),"part not on the Parts sheet; ","")&IF(AND(B54="Empty",OR(F54<>"",K54<>"")),"empty tray with parts; ","")&IF(AND(B54="Loaded",K54<>""),"second part: type Mixed; ","")&IF(AND(Q54<>"",N(Q54)>1),"over 100 % of the spec load; ","")&IF(N(R54)>Settings!$B$10,"over the tray maximum (kg); ","")&IF(AND(K54<>"",IFERROR(INDEX(Parts!$C$6:$C$45,MATCH(K54,Parts!$A$6:$A$45,0)),O54)<>O54),"different processes in one tray; ","")&IF(AND(S54<>"",T54=""),"rework reason missing; ",""))
A55: =IF(B55="","",COUNTA(B$7:B55)) | D55: =IF(B55="","",IF(D54="",Report!$B$12,D54)) | E55: =IF(B55="","",IF(C55<>"",C55,E54+D54/1440+SUMIFS(Holds!$F$7:$F$46,Holds!$B$7:$B$46,">="&E54,Holds!$B$7:$B$46,"<"&E54+D54/1440)/1440)) | O55: =IF(F55="","",IFERROR(INDEX(Parts!$C$6:$C$45,MATCH(F55,Parts!$A$6:$A$45,0)),"")) | P55: =IF(F55="","",IFERROR(INDEX(Parts!$E$6:$E$45,MATCH(F55,Parts!$A$6:$A$45,0)),"")) | Q55: =IF(OR(J55="",P55="",P55=0),"",J55/P55+IF(OR(N55="",K55=""),0,IFERROR(N55/INDEX(Parts!$E$6:$E$45,MATCH(K55,Parts!$A$6:$A$45,0)),0))) | R55: =IF(B55="","",IF(J55="",0,J55*IFERROR(INDEX(Parts!$F$6:$F$45,MATCH(F55,Parts!$A$6:$A$45,0)),0))+IF(N55="",0,N55*IFERROR(INDEX(Parts!$F$6:$F$45,MATCH(K55,Parts!$A$6:$A$45,0)),0))) | U55: =IF(B55="","",IF(F55="",Settings!$B$9,IFERROR(INDEX(Parts!$H$6:$H$45,MATCH(F55,Parts!$A$6:$A$45,0))+0,Settings!$B$9))) | V55: =IF(B55="","",IF(INDEX($E$7:$E$336,ROW()-6+Settings!$B$7)<>"",INDEX($E$7:$E$336,ROW()-6+Settings!$B$7),E55+Settings!$B$7*D55/1440)) | W55: =IF(B55="","",IF(INDEX($E$7:$E$336,ROW()-6+Settings!$B$7+Settings!$B$8)<>"",INDEX($E$7:$E$336,ROW()-6+Settings!$B$7+Settings!$B$8),E55+(Settings!$B$7+Settings!$B$8)*D55/1440)+U55/1440) | X55: =IF(B55="","",IF(INDEX($E$7:$E$336,ROW()-6+Settings!$B$7+Settings!$B$8)<>"","line","estimate")) | Y55: =IF(B55="","",INT(W55-Settings!$B$6)) | AA55: =IF(B55="","",IF(AND(B55<>"Empty",F55=""),"part missing; ","")&IF(AND(F55<>"",J55=""),"pieces missing; ","")&IF(AND(F55<>"",O55=""),"part not on the Parts sheet; ","")&IF(AND(B55="Empty",OR(F55<>"",K55<>"")),"empty tray with parts; ","")&IF(AND(B55="Loaded",K55<>""),"second part: type Mixed; ","")&IF(AND(Q55<>"",N(Q55)>1),"over 100 % of the spec load; ","")&IF(N(R55)>Settings!$B$10,"over the tray maximum (kg); ","")&IF(AND(K55<>"",IFERROR(INDEX(Parts!$C$6:$C$45,MATCH(K55,Parts!$A$6:$A$45,0)),O55)<>O55),"different processes in one tray; ","")&IF(AND(S55<>"",T55=""),"rework reason missing; ",""))
A56: =IF(B56="","",COUNTA(B$7:B56)) | D56: =IF(B56="","",IF(D55="",Report!$B$12,D55)) | E56: =IF(B56="","",IF(C56<>"",C56,E55+D55/1440+SUMIFS(Holds!$F$7:$F$46,Holds!$B$7:$B$46,">="&E55,Holds!$B$7:$B$46,"<"&E55+D55/1440)/1440)) | O56: =IF(F56="","",IFERROR(INDEX(Parts!$C$6:$C$45,MATCH(F56,Parts!$A$6:$A$45,0)),"")) | P56: =IF(F56="","",IFERROR(INDEX(Parts!$E$6:$E$45,MATCH(F56,Parts!$A$6:$A$45,0)),"")) | Q56: =IF(OR(J56="",P56="",P56=0),"",J56/P56+IF(OR(N56="",K56=""),0,IFERROR(N56/INDEX(Parts!$E$6:$E$45,MATCH(K56,Parts!$A$6:$A$45,0)),0))) | R56: =IF(B56="","",IF(J56="",0,J56*IFERROR(INDEX(Parts!$F$6:$F$45,MATCH(F56,Parts!$A$6:$A$45,0)),0))+IF(N56="",0,N56*IFERROR(INDEX(Parts!$F$6:$F$45,MATCH(K56,Parts!$A$6:$A$45,0)),0))) | U56: =IF(B56="","",IF(F56="",Settings!$B$9,IFERROR(INDEX(Parts!$H$6:$H$45,MATCH(F56,Parts!$A$6:$A$45,0))+0,Settings!$B$9))) | V56: =IF(B56="","",IF(INDEX($E$7:$E$336,ROW()-6+Settings!$B$7)<>"",INDEX($E$7:$E$336,ROW()-6+Settings!$B$7),E56+Settings!$B$7*D56/1440)) | W56: =IF(B56="","",IF(INDEX($E$7:$E$336,ROW()-6+Settings!$B$7+Settings!$B$8)<>"",INDEX($E$7:$E$336,ROW()-6+Settings!$B$7+Settings!$B$8),E56+(Settings!$B$7+Settings!$B$8)*D56/1440)+U56/1440) | X56: =IF(B56="","",IF(INDEX($E$7:$E$336,ROW()-6+Settings!$B$7+Settings!$B$8)<>"","line","estimate")) | Y56: =IF(B56="","",INT(W56-Settings!$B$6)) | AA56: =IF(B56="","",IF(AND(B56<>"Empty",F56=""),"part missing; ","")&IF(AND(F56<>"",J56=""),"pieces missing; ","")&IF(AND(F56<>"",O56=""),"part not on the Parts sheet; ","")&IF(AND(B56="Empty",OR(F56<>"",K56<>"")),"empty tray with parts; ","")&IF(AND(B56="Loaded",K56<>""),"second part: type Mixed; ","")&IF(AND(Q56<>"",N(Q56)>1),"over 100 % of the spec load; ","")&IF(N(R56)>Settings!$B$10,"over the tray maximum (kg); ","")&IF(AND(K56<>"",IFERROR(INDEX(Parts!$C$6:$C$45,MATCH(K56,Parts!$A$6:$A$45,0)),O56)<>O56),"different processes in one tray; ","")&IF(AND(S56<>"",T56=""),"rework reason missing; ",""))
A57: =IF(B57="","",COUNTA(B$7:B57)) | D57: =IF(B57="","",IF(D56="",Report!$B$12,D56)) | E57: =IF(B57="","",IF(C57<>"",C57,E56+D56/1440+SUMIFS(Holds!$F$7:$F$46,Holds!$B$7:$B$46,">="&E56,Holds!$B$7:$B$46,"<"&E56+D56/1440)/1440)) | O57: =IF(F57="","",IFERROR(INDEX(Parts!$C$6:$C$45,MATCH(F57,Parts!$A$6:$A$45,0)),"")) | P57: =IF(F57="","",IFERROR(INDEX(Parts!$E$6:$E$45,MATCH(F57,Parts!$A$6:$A$45,0)),"")) | Q57: =IF(OR(J57="",P57="",P57=0),"",J57/P57+IF(OR(N57="",K57=""),0,IFERROR(N57/INDEX(Parts!$E$6:$E$45,MATCH(K57,Parts!$A$6:$A$45,0)),0))) | R57: =IF(B57="","",IF(J57="",0,J57*IFERROR(INDEX(Parts!$F$6:$F$45,MATCH(F57,Parts!$A$6:$A$45,0)),0))+IF(N57="",0,N57*IFERROR(INDEX(Parts!$F$6:$F$45,MATCH(K57,Parts!$A$6:$A$45,0)),0))) | U57: =IF(B57="","",IF(F57="",Settings!$B$9,IFERROR(INDEX(Parts!$H$6:$H$45,MATCH(F57,Parts!$A$6:$A$45,0))+0,Settings!$B$9))) | V57: =IF(B57="","",IF(INDEX($E$7:$E$336,ROW()-6+Settings!$B$7)<>"",INDEX($E$7:$E$336,ROW()-6+Settings!$B$7),E57+Settings!$B$7*D57/1440)) | W57: =IF(B57="","",IF(INDEX($E$7:$E$336,ROW()-6+Settings!$B$7+Settings!$B$8)<>"",INDEX($E$7:$E$336,ROW()-6+Settings!$B$7+Settings!$B$8),E57+(Settings!$B$7+Settings!$B$8)*D57/1440)+U57/1440) | X57: =IF(B57="","",IF(INDEX($E$7:$E$336,ROW()-6+Settings!$B$7+Settings!$B$8)<>"","line","estimate")) | Y57: =IF(B57="","",INT(W57-Settings!$B$6)) | AA57: =IF(B57="","",IF(AND(B57<>"Empty",F57=""),"part missing; ","")&IF(AND(F57<>"",J57=""),"pieces missing; ","")&IF(AND(F57<>"",O57=""),"part not on the Parts sheet; ","")&IF(AND(B57="Empty",OR(F57<>"",K57<>"")),"empty tray with parts; ","")&IF(AND(B57="Loaded",K57<>""),"second part: type Mixed; ","")&IF(AND(Q57<>"",N(Q57)>1),"over 100 % of the spec load; ","")&IF(N(R57)>Settings!$B$10,"over the tray maximum (kg); ","")&IF(AND(K57<>"",IFERROR(INDEX(Parts!$C$6:$C$45,MATCH(K57,Parts!$A$6:$A$45,0)),O57)<>O57),"different processes in one tray; ","")&IF(AND(S57<>"",T57=""),"rework reason missing; ",""))
A58: =IF(B58="","",COUNTA(B$7:B58)) | D58: =IF(B58="","",IF(D57="",Report!$B$12,D57)) | E58: =IF(B58="","",IF(C58<>"",C58,E57+D57/1440+SUMIFS(Holds!$F$7:$F$46,Holds!$B$7:$B$46,">="&E57,Holds!$B$7:$B$46,"<"&E57+D57/1440)/1440)) | O58: =IF(F58="","",IFERROR(INDEX(Parts!$C$6:$C$45,MATCH(F58,Parts!$A$6:$A$45,0)),"")) | P58: =IF(F58="","",IFERROR(INDEX(Parts!$E$6:$E$45,MATCH(F58,Parts!$A$6:$A$45,0)),"")) | Q58: =IF(OR(J58="",P58="",P58=0),"",J58/P58+IF(OR(N58="",K58=""),0,IFERROR(N58/INDEX(Parts!$E$6:$E$45,MATCH(K58,Parts!$A$6:$A$45,0)),0))) | R58: =IF(B58="","",IF(J58="",0,J58*IFERROR(INDEX(Parts!$F$6:$F$45,MATCH(F58,Parts!$A$6:$A$45,0)),0))+IF(N58="",0,N58*IFERROR(INDEX(Parts!$F$6:$F$45,MATCH(K58,Parts!$A$6:$A$45,0)),0))) | U58: =IF(B58="","",IF(F58="",Settings!$B$9,IFERROR(INDEX(Parts!$H$6:$H$45,MATCH(F58,Parts!$A$6:$A$45,0))+0,Settings!$B$9))) | V58: =IF(B58="","",IF(INDEX($E$7:$E$336,ROW()-6+Settings!$B$7)<>"",INDEX($E$7:$E$336,ROW()-6+Settings!$B$7),E58+Settings!$B$7*D58/1440)) | W58: =IF(B58="","",IF(INDEX($E$7:$E$336,ROW()-6+Settings!$B$7+Settings!$B$8)<>"",INDEX($E$7:$E$336,ROW()-6+Settings!$B$7+Settings!$B$8),E58+(Settings!$B$7+Settings!$B$8)*D58/1440)+U58/1440) | X58: =IF(B58="","",IF(INDEX($E$7:$E$336,ROW()-6+Settings!$B$7+Settings!$B$8)<>"","line","estimate")) | Y58: =IF(B58="","",INT(W58-Settings!$B$6)) | AA58: =IF(B58="","",IF(AND(B58<>"Empty",F58=""),"part missing; ","")&IF(AND(F58<>"",J58=""),"pieces missing; ","")&IF(AND(F58<>"",O58=""),"part not on the Parts sheet; ","")&IF(AND(B58="Empty",OR(F58<>"",K58<>"")),"empty tray with parts; ","")&IF(AND(B58="Loaded",K58<>""),"second part: type Mixed; ","")&IF(AND(Q58<>"",N(Q58)>1),"over 100 % of the spec load; ","")&IF(N(R58)>Settings!$B$10,"over the tray maximum (kg); ","")&IF(AND(K58<>"",IFERROR(INDEX(Parts!$C$6:$C$45,MATCH(K58,Parts!$A$6:$A$45,0)),O58)<>O58),"different processes in one tray; ","")&IF(AND(S58<>"",T58=""),"rework reason missing; ",""))
A59: =IF(B59="","",COUNTA(B$7:B59)) | D59: =IF(B59="","",IF(D58="",Report!$B$12,D58)) | E59: =IF(B59="","",IF(C59<>"",C59,E58+D58/1440+SUMIFS(Holds!$F$7:$F$46,Holds!$B$7:$B$46,">="&E58,Holds!$B$7:$B$46,"<"&E58+D58/1440)/1440)) | O59: =IF(F59="","",IFERROR(INDEX(Parts!$C$6:$C$45,MATCH(F59,Parts!$A$6:$A$45,0)),"")) | P59: =IF(F59="","",IFERROR(INDEX(Parts!$E$6:$E$45,MATCH(F59,Parts!$A$6:$A$45,0)),"")) | Q59: =IF(OR(J59="",P59="",P59=0),"",J59/P59+IF(OR(N59="",K59=""),0,IFERROR(N59/INDEX(Parts!$E$6:$E$45,MATCH(K59,Parts!$A$6:$A$45,0)),0))) | R59: =IF(B59="","",IF(J59="",0,J59*IFERROR(INDEX(Parts!$F$6:$F$45,MATCH(F59,Parts!$A$6:$A$45,0)),0))+IF(N59="",0,N59*IFERROR(INDEX(Parts!$F$6:$F$45,MATCH(K59,Parts!$A$6:$A$45,0)),0))) | U59: =IF(B59="","",IF(F59="",Settings!$B$9,IFERROR(INDEX(Parts!$H$6:$H$45,MATCH(F59,Parts!$A$6:$A$45,0))+0,Settings!$B$9))) | V59: =IF(B59="","",IF(INDEX($E$7:$E$336,ROW()-6+Settings!$B$7)<>"",INDEX($E$7:$E$336,ROW()-6+Settings!$B$7),E59+Settings!$B$7*D59/1440)) | W59: =IF(B59="","",IF(INDEX($E$7:$E$336,ROW()-6+Settings!$B$7+Settings!$B$8)<>"",INDEX($E$7:$E$336,ROW()-6+Settings!$B$7+Settings!$B$8),E59+(Settings!$B$7+Settings!$B$8)*D59/1440)+U59/1440) | X59: =IF(B59="","",IF(INDEX($E$7:$E$336,ROW()-6+Settings!$B$7+Settings!$B$8)<>"","line","estimate")) | Y59: =IF(B59="","",INT(W59-Settings!$B$6)) | AA59: =IF(B59="","",IF(AND(B59<>"Empty",F59=""),"part missing; ","")&IF(AND(F59<>"",J59=""),"pieces missing; ","")&IF(AND(F59<>"",O59=""),"part not on the Parts sheet; ","")&IF(AND(B59="Empty",OR(F59<>"",K59<>"")),"empty tray with parts; ","")&IF(AND(B59="Loaded",K59<>""),"second part: type Mixed; ","")&IF(AND(Q59<>"",N(Q59)>1),"over 100 % of the spec load; ","")&IF(N(R59)>Settings!$B$10,"over the tray maximum (kg); ","")&IF(AND(K59<>"",IFERROR(INDEX(Parts!$C$6:$C$45,MATCH(K59,Parts!$A$6:$A$45,0)),O59)<>O59),"different processes in one tray; ","")&IF(AND(S59<>"",T59=""),"rework reason missing; ",""))
A60: =IF(B60="","",COUNTA(B$7:B60)) | D60: =IF(B60="","",IF(D59="",Report!$B$12,D59)) | E60: =IF(B60="","",IF(C60<>"",C60,E59+D59/1440+SUMIFS(Holds!$F$7:$F$46,Holds!$B$7:$B$46,">="&E59,Holds!$B$7:$B$46,"<"&E59+D59/1440)/1440)) | O60: =IF(F60="","",IFERROR(INDEX(Parts!$C$6:$C$45,MATCH(F60,Parts!$A$6:$A$45,0)),"")) | P60: =IF(F60="","",IFERROR(INDEX(Parts!$E$6:$E$45,MATCH(F60,Parts!$A$6:$A$45,0)),"")) | Q60: =IF(OR(J60="",P60="",P60=0),"",J60/P60+IF(OR(N60="",K60=""),0,IFERROR(N60/INDEX(Parts!$E$6:$E$45,MATCH(K60,Parts!$A$6:$A$45,0)),0))) | R60: =IF(B60="","",IF(J60="",0,J60*IFERROR(INDEX(Parts!$F$6:$F$45,MATCH(F60,Parts!$A$6:$A$45,0)),0))+IF(N60="",0,N60*IFERROR(INDEX(Parts!$F$6:$F$45,MATCH(K60,Parts!$A$6:$A$45,0)),0))) | U60: =IF(B60="","",IF(F60="",Settings!$B$9,IFERROR(INDEX(Parts!$H$6:$H$45,MATCH(F60,Parts!$A$6:$A$45,0))+0,Settings!$B$9))) | V60: =IF(B60="","",IF(INDEX($E$7:$E$336,ROW()-6+Settings!$B$7)<>"",INDEX($E$7:$E$336,ROW()-6+Settings!$B$7),E60+Settings!$B$7*D60/1440)) | W60: =IF(B60="","",IF(INDEX($E$7:$E$336,ROW()-6+Settings!$B$7+Settings!$B$8)<>"",INDEX($E$7:$E$336,ROW()-6+Settings!$B$7+Settings!$B$8),E60+(Settings!$B$7+Settings!$B$8)*D60/1440)+U60/1440) | X60: =IF(B60="","",IF(INDEX($E$7:$E$336,ROW()-6+Settings!$B$7+Settings!$B$8)<>"","line","estimate")) | Y60: =IF(B60="","",INT(W60-Settings!$B$6)) | AA60: =IF(B60="","",IF(AND(B60<>"Empty",F60=""),"part missing; ","")&IF(AND(F60<>"",J60=""),"pieces missing; ","")&IF(AND(F60<>"",O60=""),"part not on the Parts sheet; ","")&IF(AND(B60="Empty",OR(F60<>"",K60<>"")),"empty tray with parts; ","")&IF(AND(B60="Loaded",K60<>""),"second part: type Mixed; ","")&IF(AND(Q60<>"",N(Q60)>1),"over 100 % of the spec load; ","")&IF(N(R60)>Settings!$B$10,"over the tray maximum (kg); ","")&IF(AND(K60<>"",IFERROR(INDEX(Parts!$C$6:$C$45,MATCH(K60,Parts!$A$6:$A$45,0)),O60)<>O60),"different processes in one tray; ","")&IF(AND(S60<>"",T60=""),"rework reason missing; ",""))
A61: =IF(B61="","",COUNTA(B$7:B61)) | D61: =IF(B61="","",IF(D60="",Report!$B$12,D60)) | E61: =IF(B61="","",IF(C61<>"",C61,E60+D60/1440+SUMIFS(Holds!$F$7:$F$46,Holds!$B$7:$B$46,">="&E60,Holds!$B$7:$B$46,"<"&E60+D60/1440)/1440)) | O61: =IF(F61="","",IFERROR(INDEX(Parts!$C$6:$C$45,MATCH(F61,Parts!$A$6:$A$45,0)),"")) | P61: =IF(F61="","",IFERROR(INDEX(Parts!$E$6:$E$45,MATCH(F61,Parts!$A$6:$A$45,0)),"")) | Q61: =IF(OR(J61="",P61="",P61=0),"",J61/P61+IF(OR(N61="",K61=""),0,IFERROR(N61/INDEX(Parts!$E$6:$E$45,MATCH(K61,Parts!$A$6:$A$45,0)),0))) | R61: =IF(B61="","",IF(J61="",0,J61*IFERROR(INDEX(Parts!$F$6:$F$45,MATCH(F61,Parts!$A$6:$A$45,0)),0))+IF(N61="",0,N61*IFERROR(INDEX(Parts!$F$6:$F$45,MATCH(K61,Parts!$A$6:$A$45,0)),0))) | U61: =IF(B61="","",IF(F61="",Settings!$B$9,IFERROR(INDEX(Parts!$H$6:$H$45,MATCH(F61,Parts!$A$6:$A$45,0))+0,Settings!$B$9))) | V61: =IF(B61="","",IF(INDEX($E$7:$E$336,ROW()-6+Settings!$B$7)<>"",INDEX($E$7:$E$336,ROW()-6+Settings!$B$7),E61+Settings!$B$7*D61/1440)) | W61: =IF(B61="","",IF(INDEX($E$7:$E$336,ROW()-6+Settings!$B$7+Settings!$B$8)<>"",INDEX($E$7:$E$336,ROW()-6+Settings!$B$7+Settings!$B$8),E61+(Settings!$B$7+Settings!$B$8)*D61/1440)+U61/1440) | X61: =IF(B61="","",IF(INDEX($E$7:$E$336,ROW()-6+Settings!$B$7+Settings!$B$8)<>"","line","estimate")) | Y61: =IF(B61="","",INT(W61-Settings!$B$6)) | AA61: =IF(B61="","",IF(AND(B61<>"Empty",F61=""),"part missing; ","")&IF(AND(F61<>"",J61=""),"pieces missing; ","")&IF(AND(F61<>"",O61=""),"part not on the Parts sheet; ","")&IF(AND(B61="Empty",OR(F61<>"",K61<>"")),"empty tray with parts; ","")&IF(AND(B61="Loaded",K61<>""),"second part: type Mixed; ","")&IF(AND(Q61<>"",N(Q61)>1),"over 100 % of the spec load; ","")&IF(N(R61)>Settings!$B$10,"over the tray maximum (kg); ","")&IF(AND(K61<>"",IFERROR(INDEX(Parts!$C$6:$C$45,MATCH(K61,Parts!$A$6:$A$45,0)),O61)<>O61),"different processes in one tray; ","")&IF(AND(S61<>"",T61=""),"rework reason missing; ",""))
A62: =IF(B62="","",COUNTA(B$7:B62)) | D62: =IF(B62="","",IF(D61="",Report!$B$12,D61)) | E62: =IF(B62="","",IF(C62<>"",C62,E61+D61/1440+SUMIFS(Holds!$F$7:$F$46,Holds!$B$7:$B$46,">="&E61,Holds!$B$7:$B$46,"<"&E61+D61/1440)/1440)) | O62: =IF(F62="","",IFERROR(INDEX(Parts!$C$6:$C$45,MATCH(F62,Parts!$A$6:$A$45,0)),"")) | P62: =IF(F62="","",IFERROR(INDEX(Parts!$E$6:$E$45,MATCH(F62,Parts!$A$6:$A$45,0)),"")) | Q62: =IF(OR(J62="",P62="",P62=0),"",J62/P62+IF(OR(N62="",K62=""),0,IFERROR(N62/INDEX(Parts!$E$6:$E$45,MATCH(K62,Parts!$A$6:$A$45,0)),0))) | R62: =IF(B62="","",IF(J62="",0,J62*IFERROR(INDEX(Parts!$F$6:$F$45,MATCH(F62,Parts!$A$6:$A$45,0)),0))+IF(N62="",0,N62*IFERROR(INDEX(Parts!$F$6:$F$45,MATCH(K62,Parts!$A$6:$A$45,0)),0))) | U62: =IF(B62="","",IF(F62="",Settings!$B$9,IFERROR(INDEX(Parts!$H$6:$H$45,MATCH(F62,Parts!$A$6:$A$45,0))+0,Settings!$B$9))) | V62: =IF(B62="","",IF(INDEX($E$7:$E$336,ROW()-6+Settings!$B$7)<>"",INDEX($E$7:$E$336,ROW()-6+Settings!$B$7),E62+Settings!$B$7*D62/1440)) | W62: =IF(B62="","",IF(INDEX($E$7:$E$336,ROW()-6+Settings!$B$7+Settings!$B$8)<>"",INDEX($E$7:$E$336,ROW()-6+Settings!$B$7+Settings!$B$8),E62+(Settings!$B$7+Settings!$B$8)*D62/1440)+U62/1440) | X62: =IF(B62="","",IF(INDEX($E$7:$E$336,ROW()-6+Settings!$B$7+Settings!$B$8)<>"","line","estimate")) | Y62: =IF(B62="","",INT(W62-Settings!$B$6)) | AA62: =IF(B62="","",IF(AND(B62<>"Empty",F62=""),"part missing; ","")&IF(AND(F62<>"",J62=""),"pieces missing; ","")&IF(AND(F62<>"",O62=""),"part not on the Parts sheet; ","")&IF(AND(B62="Empty",OR(F62<>"",K62<>"")),"empty tray with parts; ","")&IF(AND(B62="Loaded",K62<>""),"second part: type Mixed; ","")&IF(AND(Q62<>"",N(Q62)>1),"over 100 % of the spec load; ","")&IF(N(R62)>Settings!$B$10,"over the tray maximum (kg); ","")&IF(AND(K62<>"",IFERROR(INDEX(Parts!$C$6:$C$45,MATCH(K62,Parts!$A$6:$A$45,0)),O62)<>O62),"different processes in one tray; ","")&IF(AND(S62<>"",T62=""),"rework reason missing; ",""))
A63: =IF(B63="","",COUNTA(B$7:B63)) | D63: =IF(B63="","",IF(D62="",Report!$B$12,D62)) | E63: =IF(B63="","",IF(C63<>"",C63,E62+D62/1440+SUMIFS(Holds!$F$7:$F$46,Holds!$B$7:$B$46,">="&E62,Holds!$B$7:$B$46,"<"&E62+D62/1440)/1440)) | O63: =IF(F63="","",IFERROR(INDEX(Parts!$C$6:$C$45,MATCH(F63,Parts!$A$6:$A$45,0)),"")) | P63: =IF(F63="","",IFERROR(INDEX(Parts!$E$6:$E$45,MATCH(F63,Parts!$A$6:$A$45,0)),"")) | Q63: =IF(OR(J63="",P63="",P63=0),"",J63/P63+IF(OR(N63="",K63=""),0,IFERROR(N63/INDEX(Parts!$E$6:$E$45,MATCH(K63,Parts!$A$6:$A$45,0)),0))) | R63: =IF(B63="","",IF(J63="",0,J63*IFERROR(INDEX(Parts!$F$6:$F$45,MATCH(F63,Parts!$A$6:$A$45,0)),0))+IF(N63="",0,N63*IFERROR(INDEX(Parts!$F$6:$F$45,MATCH(K63,Parts!$A$6:$A$45,0)),0))) | U63: =IF(B63="","",IF(F63="",Settings!$B$9,IFERROR(INDEX(Parts!$H$6:$H$45,MATCH(F63,Parts!$A$6:$A$45,0))+0,Settings!$B$9))) | V63: =IF(B63="","",IF(INDEX($E$7:$E$336,ROW()-6+Settings!$B$7)<>"",INDEX($E$7:$E$336,ROW()-6+Settings!$B$7),E63+Settings!$B$7*D63/1440)) | W63: =IF(B63="","",IF(INDEX($E$7:$E$336,ROW()-6+Settings!$B$7+Settings!$B$8)<>"",INDEX($E$7:$E$336,ROW()-6+Settings!$B$7+Settings!$B$8),E63+(Settings!$B$7+Settings!$B$8)*D63/1440)+U63/1440) | X63: =IF(B63="","",IF(INDEX($E$7:$E$336,ROW()-6+Settings!$B$7+Settings!$B$8)<>"","line","estimate")) | Y63: =IF(B63="","",INT(W63-Settings!$B$6)) | AA63: =IF(B63="","",IF(AND(B63<>"Empty",F63=""),"part missing; ","")&IF(AND(F63<>"",J63=""),"pieces missing; ","")&IF(AND(F63<>"",O63=""),"part not on the Parts sheet; ","")&IF(AND(B63="Empty",OR(F63<>"",K63<>"")),"empty tray with parts; ","")&IF(AND(B63="Loaded",K63<>""),"second part: type Mixed; ","")&IF(AND(Q63<>"",N(Q63)>1),"over 100 % of the spec load; ","")&IF(N(R63)>Settings!$B$10,"over the tray maximum (kg); ","")&IF(AND(K63<>"",IFERROR(INDEX(Parts!$C$6:$C$45,MATCH(K63,Parts!$A$6:$A$45,0)),O63)<>O63),"different processes in one tray; ","")&IF(AND(S63<>"",T63=""),"rework reason missing; ",""))
... A306: =IF(B306="","",COUNTA(B$7:B306)) | D306: =IF(B306="","",IF(D305="",Report!$B$12,D305)) | E306: =IF(B306="","",IF(C306<>"",C306,E305+D305/1440+SUMIFS(Holds!$F$7:$F$46,Holds!$B$7:$B$46,">="&E305,Holds!$B$7:$B$46,"<"&E305+D305/1440)/1440)) | O306: =IF(F306="","",IFERROR(INDEX(Parts!$C$6:$C$45,MATCH(F306,Parts!$A$6:$A$45,0)),"")) | P306: =IF(F306="","",IFERROR(INDEX(Parts!$E$6:$E$45,MATCH(F306,Parts!$A$6:$A$45,0)),"")) | Q306: =IF(OR(J306="",P306="",P306=0),"",J306/P306+IF(OR(N306="",K306=""),0,IFERROR(N306/INDEX(Parts!$E$6:$E$45,MATCH(K306,Parts!$A$6:$A$45,0)),0))) | R306: =IF(B306="","",IF(J306="",0,J306*IFERROR(INDEX(Parts!$F$6:$F$45,MATCH(F306,Parts!$A$6:$A$45,0)),0))+IF(N306="",0,N306*IFERROR(INDEX(Parts!$F$6:$F$45,MATCH(K306,Parts!$A$6:$A$45,0)),0))) | U306: =IF(B306="","",IF(F306="",Settings!$B$9,IFERROR(INDEX(Parts!$H$6:$H$45,MATCH(F306,Parts!$A$6:$A$45,0))+0,Settings!$B$9))) | V306: =IF(B306="","",IF(INDEX($E$7:$E$336,ROW()-6+Settings!$B$7)<>"",INDEX($E$7:$E$336,ROW()-6+Settings!$B$7),E306+Settings!$B$7*D306/1440)) | W306: =IF(B306="","",IF(INDEX($E$7:$E$336,ROW()-6+Settings!$B$7+Settings!$B$8)<>"",INDEX($E$7:$E$336,ROW()-6+Settings!$B$7+Settings!$B$8),E306+(Settings!$B$7+Settings!$B$8)*D306/1440)+U306/1440) | X306: =IF(B306="","",IF(INDEX($E$7:$E$336,ROW()-6+Settings!$B$7+Settings!$B$8)<>"","line","estimate")) | Y306: =IF(B306="","",INT(W306-Settings!$B$6)) | AA306: =IF(B306="","",IF(AND(B306<>"Empty",F306=""),"part missing; ","")&IF(AND(F306<>"",J306=""),"pieces missing; ","")&IF(AND(F306<>"",O306=""),"part not on the Parts sheet; ","")&IF(AND(B306="Empty",OR(F306<>"",K306<>"")),"empty tray with parts; ","")&IF(AND(B306="Loaded",K306<>""),"second part: type Mixed; ","")&IF(AND(Q306<>"",N(Q306)>1),"over 100 % of the spec load; ","")&IF(N(R306)>Settings!$B$10,"over the tray maximum (kg); ","")&IF(AND(K306<>"",IFERROR(INDEX(Parts!$C$6:$C$45,MATCH(K306,Parts!$A$6:$A$45,0)),O306)<>O306),"different processes in one tray; ","")&IF(AND(S306<>"",T306=""),"rework reason missing; ",""))

Sheet Holds
A1: MASS WIRE AND STEELS PVT. LTD., BHIWADI
A2: Push cycle on hold
A3: Every pause of the push cycle. The push timer stops during the hold: the trays after it enter that much later (Tray log).
A6: No. | B6: On hold from | C6: Restarted at | D6: Reason | E6: Reference (alarm record, NCR) | F6: Duration (min) | G6: By | H6: Note
A7: =IF(B7="","",ROW()-6) -> 1 | B7: 46320.375 | C7: 46320.403 | D7: Quench media out of limits | E7: OP-0012 | F7: =IF(OR(B7="",C7=""),"",ROUND((C7-B7)*1440,0)) -> 40 | G7: Shift B in-charge (example) | H7: Oil temperature 82 °C; cooler restarted (example)
A8: =IF(B8="","",ROW()-6) | F8: =IF(OR(B8="",C8=""),"",ROUND((C8-B8)*1440,0))
A9: =IF(B9="","",ROW()-6) | F9: =IF(OR(B9="",C9=""),"",ROUND((C9-B9)*1440,0))
A10: =IF(B10="","",ROW()-6) | F10: =IF(OR(B10="",C10=""),"",ROUND((C10-B10)*1440,0))
A11: =IF(B11="","",ROW()-6) | F11: =IF(OR(B11="",C11=""),"",ROUND((C11-B11)*1440,0))
A12: =IF(B12="","",ROW()-6) | F12: =IF(OR(B12="",C12=""),"",ROUND((C12-B12)*1440,0))
A13: =IF(B13="","",ROW()-6) | F13: =IF(OR(B13="",C13=""),"",ROUND((C13-B13)*1440,0))
A14: =IF(B14="","",ROW()-6) | F14: =IF(OR(B14="",C14=""),"",ROUND((C14-B14)*1440,0))
A15: =IF(B15="","",ROW()-6) | F15: =IF(OR(B15="",C15=""),"",ROUND((C15-B15)*1440,0))
A16: =IF(B16="","",ROW()-6) | F16: =IF(OR(B16="",C16=""),"",ROUND((C16-B16)*1440,0))
A17: =IF(B17="","",ROW()-6) | F17: =IF(OR(B17="",C17=""),"",ROUND((C17-B17)*1440,0))
A18: =IF(B18="","",ROW()-6) | F18: =IF(OR(B18="",C18=""),"",ROUND((C18-B18)*1440,0))
A19: =IF(B19="","",ROW()-6) | F19: =IF(OR(B19="",C19=""),"",ROUND((C19-B19)*1440,0))
... A46: =IF(B46="","",ROW()-6) | F46: =IF(OR(B46="",C46=""),"",ROUND((C46-B46)*1440,0))

Sheet Parameter changes
A1: MASS WIRE AND STEELS PVT. LTD., BHIWADI
A2: Process parameter changes
A3: Changes made while trays were in the furnace. A push change is also typed in the Push column of the Tray log, on the first tray it applies to.
A6: No. | B6: Changed at | C6: Parameter | D6: Zone | E6: From | F6: To | G6: Reason | H6: By | I6: Approved by
A7: =IF(B7="","",ROW()-6) -> 1 | B7: 46320.344 | C7: Push time | D7: All zones | E7: 9 | F7: 10 | G7: Load of EX-3001 (example) | H7: Shift B in-charge (example) | I7: HT Manager (example)
A8: =IF(B8="","",ROW()-6)
A9: =IF(B9="","",ROW()-6)
A10: =IF(B10="","",ROW()-6)
A11: =IF(B11="","",ROW()-6)
A12: =IF(B12="","",ROW()-6)
A13: =IF(B13="","",ROW()-6)
A14: =IF(B14="","",ROW()-6)
A15: =IF(B15="","",ROW()-6)
A16: =IF(B16="","",ROW()-6)
A17: =IF(B17="","",ROW()-6)
A18: =IF(B18="","",ROW()-6)
A19: =IF(B19="","",ROW()-6)
... A46: =IF(B46="","",ROW()-6)

Sheet Batches
A1: MASS WIRE AND STEELS PVT. LTD., BHIWADI
A2: Batches: part + batch + heat (rework separately)
A3: Trays, pieces and weight are counted from the Tray log (both part columns). Record the actual exit of the last tray and the weighed weight.
A6: Part no. | B6: Batch no. | C6: Heat no. | D6: Rework? (Y / blank) | E6: Process | F6: Trays | G6: Pieces | H6: Net weight calc (kg) | I6: Pieces out in the report day | J6: First tray entry (calc) | K6: Last tray out (calc) | L6: Last tray out (actual) | M6: Difference (min) | N6: Weighed (kg) | O6: Weighed vs calc | P6: Check | Q6: Note
A7: EX-1001 | B7: B-102 | C7: H-5521 | E7: =IF(A7="","",IFERROR(INDEX(Parts!$C$6:$C$45,MATCH(A7,Parts!$A$6:$A$45,0)),"")) -> HT | F7: =IF(A7="","",COUNTIFS('Tray log'!$F$7:$F$306,$A7,'Tray log'!$G$7:$G$306,$B7,'Tray log'!$H$7:$H$306,$C7,'Tray log'!$S$7:$S$306,IF($D7="Y","?*",""))+COUNTIFS('Tray log'!$K$7:$K$306,$A7,'Tray log'!$L$7:$L$306,$B7,'Tray log'!$M$7:$M$306,$C7,'Tray log'!$S$7:$S$306,IF($D7="Y","?*",""))) -> 14 | G7: =IF(A7="","",SUMIFS('Tray log'!$J$7:$J$306,'Tray log'!$F$7:$F$306,$A7,'Tray log'!$G$7:$G$306,$B7,'Tray log'!$H$7:$H$306,$C7,'Tray log'!$S$7:$S$306,IF($D7="Y","?*",""))+SUMIFS('Tray log'!$N$7:$N$306,'Tray log'!$K$7:$K$306,$A7,'Tray log'!$L$7:$L$306,$B7,'Tray log'!$M$7:$M$306,$C7,'Tray log'!$S$7:$S$306,IF($D7="Y","?*",""))) -> 840 | H7: =IF(A7="","",G7*IFERROR(INDEX(Parts!$F$6:$F$45,MATCH(A7,Parts!$A$6:$A$45,0)),0)) -> 1512 | I7: =IF(A7="","",SUMIFS('Tray log'!$J$7:$J$306,'Tray log'!$F$7:$F$306,$A7,'Tray log'!$G$7:$G$306,$B7,'Tray log'!$H$7:$H$306,$C7,'Tray log'!$S$7:$S$306,IF($D7="Y","?*",""),'Tray log'!$Y$7:$Y$306,Report!$B$7)+SUMIFS('Tray log'!$N$7:$N$306,'Tray log'!$K$7:$K$306,$A7,'Tray log'!$L$7:$L$306,$B7,'Tray log'!$M$7:$M$306,$C7,'Tray log'!$S$7:$S$306,IF($D7="Y","?*",""),'Tray log'!$Y$7:$Y$306,Report!$B$7)) -> 840 | J7: =IF(OR(A7="",COUNTIFS('Tray log'!$F$7:$F$306,$A7,'Tray log'!$G$7:$G$306,$B7,'Tray log'!$H$7:$H$306,$C7,'Tray log'!$S$7:$S$306,IF($D7="Y","?*",""))=0),"",_xlfn.MINIFS('Tray log'!$E$7:$E$306,'Tray log'!$F$7:$F$306,$A7,'Tray log'!$G$7:$G$306,$B7,'Tray log'!$H$7:$H$306,$C7,'Tray log'!$S$7:$S$306,IF($D7="Y","?*",""))) -> 46320.25 | K7: =IF(OR(A7="",COUNTIFS('Tray log'!$F$7:$F$306,$A7,'Tray log'!$G$7:$G$306,$B7,'Tray log'!$H$7:$H$306,$C7,'Tray log'!$S$7:$S$306,IF($D7="Y","?*",""))=0),"",_xlfn.MAXIFS('Tray log'!$W$7:$W$306,'Tray log'!$F$7:$F$306,$A7,'Tray log'!$G$7:$G$306,$B7,'Tray log'!$H$7:$H$306,$C7,'Tray log'!$S$7:$S$306,IF($D7="Y","?*",""))) -> 46320.548 | L7: 46320.55 | M7: =IF(OR(L7="",K7=""),"",ROUND((L7-K7)*1440,0)) -> 3 | N7: 1490 | O7: =IF(OR(N7="",N(H7)=0),"",N7/H7-1) -> -0.014550265 | P7: =IF(A7="","",IF(F7=0,"no tray in the log; ","")&IF(E7="","part not on the Parts sheet; ","")&IF(OR(B7="",C7=""),"batch / heat missing (type N/A if not available); ","")&IF(M7="","",IF(ABS(M7)>Settings!$B$11,"exit differs from the calculated time; ",""))&IF(AND(L7<>"",L7<J7),"actual exit before the entry; ","")) | Q7: Example rows: delete before use
A8: EX-3001 | B8: B-215 | C8: H-5590 | E8: =IF(A8="","",IFERROR(INDEX(Parts!$C$6:$C$45,MATCH(A8,Parts!$A$6:$A$45,0)),"")) -> NORM | F8: =IF(A8="","",COUNTIFS('Tray log'!$F$7:$F$306,$A8,'Tray log'!$G$7:$G$306,$B8,'Tray log'!$H$7:$H$306,$C8,'Tray log'!$S$7:$S$306,IF($D8="Y","?*",""))+COUNTIFS('Tray log'!$K$7:$K$306,$A8,'Tray log'!$L$7:$L$306,$B8,'Tray log'!$M$7:$M$306,$C8,'Tray log'!$S$7:$S$306,IF($D8="Y","?*",""))) -> 9 | G8: =IF(A8="","",SUMIFS('Tray log'!$J$7:$J$306,'Tray log'!$F$7:$F$306,$A8,'Tray log'!$G$7:$G$306,$B8,'Tray log'!$H$7:$H$306,$C8,'Tray log'!$S$7:$S$306,IF($D8="Y","?*",""))+SUMIFS('Tray log'!$N$7:$N$306,'Tray log'!$K$7:$K$306,$A8,'Tray log'!$L$7:$L$306,$B8,'Tray log'!$M$7:$M$306,$C8,'Tray log'!$S$7:$S$306,IF($D8="Y","?*",""))) -> 252 | H8: =IF(A8="","",G8*IFERROR(INDEX(Parts!$F$6:$F$45,MATCH(A8,Parts!$A$6:$A$45,0)),0)) -> 554.4 | I8: =IF(A8="","",SUMIFS('Tray log'!$J$7:$J$306,'Tray log'!$F$7:$F$306,$A8,'Tray log'!$G$7:$G$306,$B8,'Tray log'!$H$7:$H$306,$C8,'Tray log'!$S$7:$S$306,IF($D8="Y","?*",""),'Tray log'!$Y$7:$Y$306,Report!$B$7)+SUMIFS('Tray log'!$N$7:$N$306,'Tray log'!$K$7:$K$306,$A8,'Tray log'!$L$7:$L$306,$B8,'Tray log'!$M$7:$M$306,$C8,'Tray log'!$S$7:$S$306,IF($D8="Y","?*",""),'Tray log'!$Y$7:$Y$306,Report!$B$7)) -> 252 | J8: =IF(OR(A8="",COUNTIFS('Tray log'!$F$7:$F$306,$A8,'Tray log'!$G$7:$G$306,$B8,'Tray log'!$H$7:$H$306,$C8,'Tray log'!$S$7:$S$306,IF($D8="Y","?*",""))=0),"",_xlfn.MINIFS('Tray log'!$E$7:$E$306,'Tray log'!$F$7:$F$306,$A8,'Tray log'!$G$7:$G$306,$B8,'Tray log'!$H$7:$H$306,$C8,'Tray log'!$S$7:$S$306,IF($D8="Y","?*",""))) -> 46320.348 | K8: =IF(OR(A8="",COUNTIFS('Tray log'!$F$7:$F$306,$A8,'Tray log'!$G$7:$G$306,$B8,'Tray log'!$H$7:$H$306,$C8,'Tray log'!$S$7:$S$306,IF($D8="Y","?*",""))=0),"",_xlfn.MAXIFS('Tray log'!$W$7:$W$306,'Tray log'!$F$7:$F$306,$A8,'Tray log'!$G$7:$G$306,$B8,'Tray log'!$H$7:$H$306,$C8,'Tray log'!$S$7:$S$306,IF($D8="Y","?*",""))) -> 46320.617 | M8: =IF(OR(L8="",K8=""),"",ROUND((L8-K8)*1440,0)) | O8: =IF(OR(N8="",N(H8)=0),"",N8/H8-1) | P8: =IF(A8="","",IF(F8=0,"no tray in the log; ","")&IF(E8="","part not on the Parts sheet; ","")&IF(OR(B8="",C8=""),"batch / heat missing (type N/A if not available); ","")&IF(M8="","",IF(ABS(M8)>Settings!$B$11,"exit differs from the calculated time; ",""))&IF(AND(L8<>"",L8<J8),"actual exit before the entry; ",""))
A9: EX-3001 | B9: B-216 | C9: H-5591 | E9: =IF(A9="","",IFERROR(INDEX(Parts!$C$6:$C$45,MATCH(A9,Parts!$A$6:$A$45,0)),"")) -> NORM | F9: =IF(A9="","",COUNTIFS('Tray log'!$F$7:$F$306,$A9,'Tray log'!$G$7:$G$306,$B9,'Tray log'!$H$7:$H$306,$C9,'Tray log'!$S$7:$S$306,IF($D9="Y","?*",""))+COUNTIFS('Tray log'!$K$7:$K$306,$A9,'Tray log'!$L$7:$L$306,$B9,'Tray log'!$M$7:$M$306,$C9,'Tray log'!$S$7:$S$306,IF($D9="Y","?*",""))) -> 1 | G9: =IF(A9="","",SUMIFS('Tray log'!$J$7:$J$306,'Tray log'!$F$7:$F$306,$A9,'Tray log'!$G$7:$G$306,$B9,'Tray log'!$H$7:$H$306,$C9,'Tray log'!$S$7:$S$306,IF($D9="Y","?*",""))+SUMIFS('Tray log'!$N$7:$N$306,'Tray log'!$K$7:$K$306,$A9,'Tray log'!$L$7:$L$306,$B9,'Tray log'!$M$7:$M$306,$C9,'Tray log'!$S$7:$S$306,IF($D9="Y","?*",""))) -> 15 | H9: =IF(A9="","",G9*IFERROR(INDEX(Parts!$F$6:$F$45,MATCH(A9,Parts!$A$6:$A$45,0)),0)) -> 33 | I9: =IF(A9="","",SUMIFS('Tray log'!$J$7:$J$306,'Tray log'!$F$7:$F$306,$A9,'Tray log'!$G$7:$G$306,$B9,'Tray log'!$H$7:$H$306,$C9,'Tray log'!$S$7:$S$306,IF($D9="Y","?*",""),'Tray log'!$Y$7:$Y$306,Report!$B$7)+SUMIFS('Tray log'!$N$7:$N$306,'Tray log'!$K$7:$K$306,$A9,'Tray log'!$L$7:$L$306,$B9,'Tray log'!$M$7:$M$306,$C9,'Tray log'!$S$7:$S$306,IF($D9="Y","?*",""),'Tray log'!$Y$7:$Y$306,Report!$B$7)) -> 15 | J9: =IF(OR(A9="",COUNTIFS('Tray log'!$F$7:$F$306,$A9,'Tray log'!$G$7:$G$306,$B9,'Tray log'!$H$7:$H$306,$C9,'Tray log'!$S$7:$S$306,IF($D9="Y","?*",""))=0),"",_xlfn.MINIFS('Tray log'!$E$7:$E$306,'Tray log'!$F$7:$F$306,$A9,'Tray log'!$G$7:$G$306,$B9,'Tray log'!$H$7:$H$306,$C9,'Tray log'!$S$7:$S$306,IF($D9="Y","?*",""))) | K9: =IF(OR(A9="",COUNTIFS('Tray log'!$F$7:$F$306,$A9,'Tray log'!$G$7:$G$306,$B9,'Tray log'!$H$7:$H$306,$C9,'Tray log'!$S$7:$S$306,IF($D9="Y","?*",""))=0),"",_xlfn.MAXIFS('Tray log'!$W$7:$W$306,'Tray log'!$F$7:$F$306,$A9,'Tray log'!$G$7:$G$306,$B9,'Tray log'!$H$7:$H$306,$C9,'Tray log'!$S$7:$S$306,IF($D9="Y","?*",""))) | M9: =IF(OR(L9="",K9=""),"",ROUND((L9-K9)*1440,0)) | O9: =IF(OR(N9="",N(H9)=0),"",N9/H9-1) | P9: =IF(A9="","",IF(F9=0,"no tray in the log; ","")&IF(E9="","part not on the Parts sheet; ","")&IF(OR(B9="",C9=""),"batch / heat missing (type N/A if not available); ","")&IF(M9="","",IF(ABS(M9)>Settings!$B$11,"exit differs from the calculated time; ",""))&IF(AND(L9<>"",L9<J9),"actual exit before the entry; ",""))
A10: EX-2001 | B10: B-330 | C10: H-5602 | E10: =IF(A10="","",IFERROR(INDEX(Parts!$C$6:$C$45,MATCH(A10,Parts!$A$6:$A$45,0)),"")) -> IA | F10: =IF(A10="","",COUNTIFS('Tray log'!$F$7:$F$306,$A10,'Tray log'!$G$7:$G$306,$B10,'Tray log'!$H$7:$H$306,$C10,'Tray log'!$S$7:$S$306,IF($D10="Y","?*",""))+COUNTIFS('Tray log'!$K$7:$K$306,$A10,'Tray log'!$L$7:$L$306,$B10,'Tray log'!$M$7:$M$306,$C10,'Tray log'!$S$7:$S$306,IF($D10="Y","?*",""))) -> 16 | G10: =IF(A10="","",SUMIFS('Tray log'!$J$7:$J$306,'Tray log'!$F$7:$F$306,$A10,'Tray log'!$G$7:$G$306,$B10,'Tray log'!$H$7:$H$306,$C10,'Tray log'!$S$7:$S$306,IF($D10="Y","?*",""))+SUMIFS('Tray log'!$N$7:$N$306,'Tray log'!$K$7:$K$306,$A10,'Tray log'!$L$7:$L$306,$B10,'Tray log'!$M$7:$M$306,$C10,'Tray log'!$S$7:$S$306,IF($D10="Y","?*",""))) -> 384 | H10: =IF(A10="","",G10*IFERROR(INDEX(Parts!$F$6:$F$45,MATCH(A10,Parts!$A$6:$A$45,0)),0)) -> 1344 | I10: =IF(A10="","",SUMIFS('Tray log'!$J$7:$J$306,'Tray log'!$F$7:$F$306,$A10,'Tray log'!$G$7:$G$306,$B10,'Tray log'!$H$7:$H$306,$C10,'Tray log'!$S$7:$S$306,IF($D10="Y","?*",""),'Tray log'!$Y$7:$Y$306,Report!$B$7)+SUMIFS('Tray log'!$N$7:$N$306,'Tray log'!$K$7:$K$306,$A10,'Tray log'!$L$7:$L$306,$B10,'Tray log'!$M$7:$M$306,$C10,'Tray log'!$S$7:$S$306,IF($D10="Y","?*",""),'Tray log'!$Y$7:$Y$306,Report!$B$7)) -> 384 | J10: =IF(OR(A10="",COUNTIFS('Tray log'!$F$7:$F$306,$A10,'Tray log'!$G$7:$G$306,$B10,'Tray log'!$H$7:$H$306,$C10,'Tray log'!$S$7:$S$306,IF($D10="Y","?*",""))=0),"",_xlfn.MINIFS('Tray log'!$E$7:$E$306,'Tray log'!$F$7:$F$306,$A10,'Tray log'!$G$7:$G$306,$B10,'Tray log'!$H$7:$H$306,$C10,'Tray log'!$S$7:$S$306,IF($D10="Y","?*",""))) -> 46320.445 | K10: =IF(OR(A10="",COUNTIFS('Tray log'!$F$7:$F$306,$A10,'Tray log'!$G$7:$G$306,$B10,'Tray log'!$H$7:$H$306,$C10,'Tray log'!$S$7:$S$306,IF($D10="Y","?*",""))=0),"",_xlfn.MAXIFS('Tray log'!$W$7:$W$306,'Tray log'!$F$7:$F$306,$A10,'Tray log'!$G$7:$G$306,$B10,'Tray log'!$H$7:$H$306,$C10,'Tray log'!$S$7:$S$306,IF($D10="Y","?*",""))) -> 46320.728 | M10: =IF(OR(L10="",K10=""),"",ROUND((L10-K10)*1440,0)) | O10: =IF(OR(N10="",N(H10)=0),"",N10/H10-1) | P10: =IF(A10="","",IF(F10=0,"no tray in the log; ","")&IF(E10="","part not on the Parts sheet; ","")&IF(OR(B10="",C10=""),"batch / heat missing (type N/A if not available); ","")&IF(M10="","",IF(ABS(M10)>Settings!$B$11,"exit differs from the calculated time; ",""))&IF(AND(L10<>"",L10<J10),"actual exit before the entry; ",""))
A11: EX-1001 | B11: B-103 | C11: H-5521 | D11: Y | E11: =IF(A11="","",IFERROR(INDEX(Parts!$C$6:$C$45,MATCH(A11,Parts!$A$6:$A$45,0)),"")) -> HT | F11: =IF(A11="","",COUNTIFS('Tray log'!$F$7:$F$306,$A11,'Tray log'!$G$7:$G$306,$B11,'Tray log'!$H$7:$H$306,$C11,'Tray log'!$S$7:$S$306,IF($D11="Y","?*",""))+COUNTIFS('Tray log'!$K$7:$K$306,$A11,'Tray log'!$L$7:$L$306,$B11,'Tray log'!$M$7:$M$306,$C11,'Tray log'!$S$7:$S$306,IF($D11="Y","?*",""))) -> 4 | G11: =IF(A11="","",SUMIFS('Tray log'!$J$7:$J$306,'Tray log'!$F$7:$F$306,$A11,'Tray log'!$G$7:$G$306,$B11,'Tray log'!$H$7:$H$306,$C11,'Tray log'!$S$7:$S$306,IF($D11="Y","?*",""))+SUMIFS('Tray log'!$N$7:$N$306,'Tray log'!$K$7:$K$306,$A11,'Tray log'!$L$7:$L$306,$B11,'Tray log'!$M$7:$M$306,$C11,'Tray log'!$S$7:$S$306,IF($D11="Y","?*",""))) -> 240 | H11: =IF(A11="","",G11*IFERROR(INDEX(Parts!$F$6:$F$45,MATCH(A11,Parts!$A$6:$A$45,0)),0)) -> 432 | I11: =IF(A11="","",SUMIFS('Tray log'!$J$7:$J$306,'Tray log'!$F$7:$F$306,$A11,'Tray log'!$G$7:$G$306,$B11,'Tray log'!$H$7:$H$306,$C11,'Tray log'!$S$7:$S$306,IF($D11="Y","?*",""),'Tray log'!$Y$7:$Y$306,Report!$B$7)+SUMIFS('Tray log'!$N$7:$N$306,'Tray log'!$K$7:$K$306,$A11,'Tray log'!$L$7:$L$306,$B11,'Tray log'!$M$7:$M$306,$C11,'Tray log'!$S$7:$S$306,IF($D11="Y","?*",""),'Tray log'!$Y$7:$Y$306,Report!$B$7)) -> 240 | J11: =IF(OR(A11="",COUNTIFS('Tray log'!$F$7:$F$306,$A11,'Tray log'!$G$7:$G$306,$B11,'Tray log'!$H$7:$H$306,$C11,'Tray log'!$S$7:$S$306,IF($D11="Y","?*",""))=0),"",_xlfn.MINIFS('Tray log'!$E$7:$E$306,'Tray log'!$F$7:$F$306,$A11,'Tray log'!$G$7:$G$306,$B11,'Tray log'!$H$7:$H$306,$C11,'Tray log'!$S$7:$S$306,IF($D11="Y","?*",""))) -> 46320.556 | K11: =IF(OR(A11="",COUNTIFS('Tray log'!$F$7:$F$306,$A11,'Tray log'!$G$7:$G$306,$B11,'Tray log'!$H$7:$H$306,$C11,'Tray log'!$S$7:$S$306,IF($D11="Y","?*",""))=0),"",_xlfn.MAXIFS('Tray log'!$W$7:$W$306,'Tray log'!$F$7:$F$306,$A11,'Tray log'!$G$7:$G$306,$B11,'Tray log'!$H$7:$H$306,$C11,'Tray log'!$S$7:$S$306,IF($D11="Y","?*",""))) -> 46320.763 | M11: =IF(OR(L11="",K11=""),"",ROUND((L11-K11)*1440,0)) | O11: =IF(OR(N11="",N(H11)=0),"",N11/H11-1) | P11: =IF(A11="","",IF(F11=0,"no tray in the log; ","")&IF(E11="","part not on the Parts sheet; ","")&IF(OR(B11="",C11=""),"batch / heat missing (type N/A if not available); ","")&IF(M11="","",IF(ABS(M11)>Settings!$B$11,"exit differs from the calculated time; ",""))&IF(AND(L11<>"",L11<J11),"actual exit before the entry; ",""))
E12: =IF(A12="","",IFERROR(INDEX(Parts!$C$6:$C$45,MATCH(A12,Parts!$A$6:$A$45,0)),"")) | F12: =IF(A12="","",COUNTIFS('Tray log'!$F$7:$F$306,$A12,'Tray log'!$G$7:$G$306,$B12,'Tray log'!$H$7:$H$306,$C12,'Tray log'!$S$7:$S$306,IF($D12="Y","?*",""))+COUNTIFS('Tray log'!$K$7:$K$306,$A12,'Tray log'!$L$7:$L$306,$B12,'Tray log'!$M$7:$M$306,$C12,'Tray log'!$S$7:$S$306,IF($D12="Y","?*",""))) | G12: =IF(A12="","",SUMIFS('Tray log'!$J$7:$J$306,'Tray log'!$F$7:$F$306,$A12,'Tray log'!$G$7:$G$306,$B12,'Tray log'!$H$7:$H$306,$C12,'Tray log'!$S$7:$S$306,IF($D12="Y","?*",""))+SUMIFS('Tray log'!$N$7:$N$306,'Tray log'!$K$7:$K$306,$A12,'Tray log'!$L$7:$L$306,$B12,'Tray log'!$M$7:$M$306,$C12,'Tray log'!$S$7:$S$306,IF($D12="Y","?*",""))) | H12: =IF(A12="","",G12*IFERROR(INDEX(Parts!$F$6:$F$45,MATCH(A12,Parts!$A$6:$A$45,0)),0)) | I12: =IF(A12="","",SUMIFS('Tray log'!$J$7:$J$306,'Tray log'!$F$7:$F$306,$A12,'Tray log'!$G$7:$G$306,$B12,'Tray log'!$H$7:$H$306,$C12,'Tray log'!$S$7:$S$306,IF($D12="Y","?*",""),'Tray log'!$Y$7:$Y$306,Report!$B$7)+SUMIFS('Tray log'!$N$7:$N$306,'Tray log'!$K$7:$K$306,$A12,'Tray log'!$L$7:$L$306,$B12,'Tray log'!$M$7:$M$306,$C12,'Tray log'!$S$7:$S$306,IF($D12="Y","?*",""),'Tray log'!$Y$7:$Y$306,Report!$B$7)) | J12: =IF(OR(A12="",COUNTIFS('Tray log'!$F$7:$F$306,$A12,'Tray log'!$G$7:$G$306,$B12,'Tray log'!$H$7:$H$306,$C12,'Tray log'!$S$7:$S$306,IF($D12="Y","?*",""))=0),"",_xlfn.MINIFS('Tray log'!$E$7:$E$306,'Tray log'!$F$7:$F$306,$A12,'Tray log'!$G$7:$G$306,$B12,'Tray log'!$H$7:$H$306,$C12,'Tray log'!$S$7:$S$306,IF($D12="Y","?*",""))) | K12: =IF(OR(A12="",COUNTIFS('Tray log'!$F$7:$F$306,$A12,'Tray log'!$G$7:$G$306,$B12,'Tray log'!$H$7:$H$306,$C12,'Tray log'!$S$7:$S$306,IF($D12="Y","?*",""))=0),"",_xlfn.MAXIFS('Tray log'!$W$7:$W$306,'Tray log'!$F$7:$F$306,$A12,'Tray log'!$G$7:$G$306,$B12,'Tray log'!$H$7:$H$306,$C12,'Tray log'!$S$7:$S$306,IF($D12="Y","?*",""))) | M12: =IF(OR(L12="",K12=""),"",ROUND((L12-K12)*1440,0)) | O12: =IF(OR(N12="",N(H12)=0),"",N12/H12-1) | P12: =IF(A12="","",IF(F12=0,"no tray in the log; ","")&IF(E12="","part not on the Parts sheet; ","")&IF(OR(B12="",C12=""),"batch / heat missing (type N/A if not available); ","")&IF(M12="","",IF(ABS(M12)>Settings!$B$11,"exit differs from the calculated time; ",""))&IF(AND(L12<>"",L12<J12),"actual exit before the entry; ",""))
E13: =IF(A13="","",IFERROR(INDEX(Parts!$C$6:$C$45,MATCH(A13,Parts!$A$6:$A$45,0)),"")) | F13: =IF(A13="","",COUNTIFS('Tray log'!$F$7:$F$306,$A13,'Tray log'!$G$7:$G$306,$B13,'Tray log'!$H$7:$H$306,$C13,'Tray log'!$S$7:$S$306,IF($D13="Y","?*",""))+COUNTIFS('Tray log'!$K$7:$K$306,$A13,'Tray log'!$L$7:$L$306,$B13,'Tray log'!$M$7:$M$306,$C13,'Tray log'!$S$7:$S$306,IF($D13="Y","?*",""))) | G13: =IF(A13="","",SUMIFS('Tray log'!$J$7:$J$306,'Tray log'!$F$7:$F$306,$A13,'Tray log'!$G$7:$G$306,$B13,'Tray log'!$H$7:$H$306,$C13,'Tray log'!$S$7:$S$306,IF($D13="Y","?*",""))+SUMIFS('Tray log'!$N$7:$N$306,'Tray log'!$K$7:$K$306,$A13,'Tray log'!$L$7:$L$306,$B13,'Tray log'!$M$7:$M$306,$C13,'Tray log'!$S$7:$S$306,IF($D13="Y","?*",""))) | H13: =IF(A13="","",G13*IFERROR(INDEX(Parts!$F$6:$F$45,MATCH(A13,Parts!$A$6:$A$45,0)),0)) | I13: =IF(A13="","",SUMIFS('Tray log'!$J$7:$J$306,'Tray log'!$F$7:$F$306,$A13,'Tray log'!$G$7:$G$306,$B13,'Tray log'!$H$7:$H$306,$C13,'Tray log'!$S$7:$S$306,IF($D13="Y","?*",""),'Tray log'!$Y$7:$Y$306,Report!$B$7)+SUMIFS('Tray log'!$N$7:$N$306,'Tray log'!$K$7:$K$306,$A13,'Tray log'!$L$7:$L$306,$B13,'Tray log'!$M$7:$M$306,$C13,'Tray log'!$S$7:$S$306,IF($D13="Y","?*",""),'Tray log'!$Y$7:$Y$306,Report!$B$7)) | J13: =IF(OR(A13="",COUNTIFS('Tray log'!$F$7:$F$306,$A13,'Tray log'!$G$7:$G$306,$B13,'Tray log'!$H$7:$H$306,$C13,'Tray log'!$S$7:$S$306,IF($D13="Y","?*",""))=0),"",_xlfn.MINIFS('Tray log'!$E$7:$E$306,'Tray log'!$F$7:$F$306,$A13,'Tray log'!$G$7:$G$306,$B13,'Tray log'!$H$7:$H$306,$C13,'Tray log'!$S$7:$S$306,IF($D13="Y","?*",""))) | K13: =IF(OR(A13="",COUNTIFS('Tray log'!$F$7:$F$306,$A13,'Tray log'!$G$7:$G$306,$B13,'Tray log'!$H$7:$H$306,$C13,'Tray log'!$S$7:$S$306,IF($D13="Y","?*",""))=0),"",_xlfn.MAXIFS('Tray log'!$W$7:$W$306,'Tray log'!$F$7:$F$306,$A13,'Tray log'!$G$7:$G$306,$B13,'Tray log'!$H$7:$H$306,$C13,'Tray log'!$S$7:$S$306,IF($D13="Y","?*",""))) | M13: =IF(OR(L13="",K13=""),"",ROUND((L13-K13)*1440,0)) | O13: =IF(OR(N13="",N(H13)=0),"",N13/H13-1) | P13: =IF(A13="","",IF(F13=0,"no tray in the log; ","")&IF(E13="","part not on the Parts sheet; ","")&IF(OR(B13="",C13=""),"batch / heat missing (type N/A if not available); ","")&IF(M13="","",IF(ABS(M13)>Settings!$B$11,"exit differs from the calculated time; ",""))&IF(AND(L13<>"",L13<J13),"actual exit before the entry; ",""))
E14: =IF(A14="","",IFERROR(INDEX(Parts!$C$6:$C$45,MATCH(A14,Parts!$A$6:$A$45,0)),"")) | F14: =IF(A14="","",COUNTIFS('Tray log'!$F$7:$F$306,$A14,'Tray log'!$G$7:$G$306,$B14,'Tray log'!$H$7:$H$306,$C14,'Tray log'!$S$7:$S$306,IF($D14="Y","?*",""))+COUNTIFS('Tray log'!$K$7:$K$306,$A14,'Tray log'!$L$7:$L$306,$B14,'Tray log'!$M$7:$M$306,$C14,'Tray log'!$S$7:$S$306,IF($D14="Y","?*",""))) | G14: =IF(A14="","",SUMIFS('Tray log'!$J$7:$J$306,'Tray log'!$F$7:$F$306,$A14,'Tray log'!$G$7:$G$306,$B14,'Tray log'!$H$7:$H$306,$C14,'Tray log'!$S$7:$S$306,IF($D14="Y","?*",""))+SUMIFS('Tray log'!$N$7:$N$306,'Tray log'!$K$7:$K$306,$A14,'Tray log'!$L$7:$L$306,$B14,'Tray log'!$M$7:$M$306,$C14,'Tray log'!$S$7:$S$306,IF($D14="Y","?*",""))) | H14: =IF(A14="","",G14*IFERROR(INDEX(Parts!$F$6:$F$45,MATCH(A14,Parts!$A$6:$A$45,0)),0)) | I14: =IF(A14="","",SUMIFS('Tray log'!$J$7:$J$306,'Tray log'!$F$7:$F$306,$A14,'Tray log'!$G$7:$G$306,$B14,'Tray log'!$H$7:$H$306,$C14,'Tray log'!$S$7:$S$306,IF($D14="Y","?*",""),'Tray log'!$Y$7:$Y$306,Report!$B$7)+SUMIFS('Tray log'!$N$7:$N$306,'Tray log'!$K$7:$K$306,$A14,'Tray log'!$L$7:$L$306,$B14,'Tray log'!$M$7:$M$306,$C14,'Tray log'!$S$7:$S$306,IF($D14="Y","?*",""),'Tray log'!$Y$7:$Y$306,Report!$B$7)) | J14: =IF(OR(A14="",COUNTIFS('Tray log'!$F$7:$F$306,$A14,'Tray log'!$G$7:$G$306,$B14,'Tray log'!$H$7:$H$306,$C14,'Tray log'!$S$7:$S$306,IF($D14="Y","?*",""))=0),"",_xlfn.MINIFS('Tray log'!$E$7:$E$306,'Tray log'!$F$7:$F$306,$A14,'Tray log'!$G$7:$G$306,$B14,'Tray log'!$H$7:$H$306,$C14,'Tray log'!$S$7:$S$306,IF($D14="Y","?*",""))) | K14: =IF(OR(A14="",COUNTIFS('Tray log'!$F$7:$F$306,$A14,'Tray log'!$G$7:$G$306,$B14,'Tray log'!$H$7:$H$306,$C14,'Tray log'!$S$7:$S$306,IF($D14="Y","?*",""))=0),"",_xlfn.MAXIFS('Tray log'!$W$7:$W$306,'Tray log'!$F$7:$F$306,$A14,'Tray log'!$G$7:$G$306,$B14,'Tray log'!$H$7:$H$306,$C14,'Tray log'!$S$7:$S$306,IF($D14="Y","?*",""))) | M14: =IF(OR(L14="",K14=""),"",ROUND((L14-K14)*1440,0)) | O14: =IF(OR(N14="",N(H14)=0),"",N14/H14-1) | P14: =IF(A14="","",IF(F14=0,"no tray in the log; ","")&IF(E14="","part not on the Parts sheet; ","")&IF(OR(B14="",C14=""),"batch / heat missing (type N/A if not available); ","")&IF(M14="","",IF(ABS(M14)>Settings!$B$11,"exit differs from the calculated time; ",""))&IF(AND(L14<>"",L14<J14),"actual exit before the entry; ",""))
E15: =IF(A15="","",IFERROR(INDEX(Parts!$C$6:$C$45,MATCH(A15,Parts!$A$6:$A$45,0)),"")) | F15: =IF(A15="","",COUNTIFS('Tray log'!$F$7:$F$306,$A15,'Tray log'!$G$7:$G$306,$B15,'Tray log'!$H$7:$H$306,$C15,'Tray log'!$S$7:$S$306,IF($D15="Y","?*",""))+COUNTIFS('Tray log'!$K$7:$K$306,$A15,'Tray log'!$L$7:$L$306,$B15,'Tray log'!$M$7:$M$306,$C15,'Tray log'!$S$7:$S$306,IF($D15="Y","?*",""))) | G15: =IF(A15="","",SUMIFS('Tray log'!$J$7:$J$306,'Tray log'!$F$7:$F$306,$A15,'Tray log'!$G$7:$G$306,$B15,'Tray log'!$H$7:$H$306,$C15,'Tray log'!$S$7:$S$306,IF($D15="Y","?*",""))+SUMIFS('Tray log'!$N$7:$N$306,'Tray log'!$K$7:$K$306,$A15,'Tray log'!$L$7:$L$306,$B15,'Tray log'!$M$7:$M$306,$C15,'Tray log'!$S$7:$S$306,IF($D15="Y","?*",""))) | H15: =IF(A15="","",G15*IFERROR(INDEX(Parts!$F$6:$F$45,MATCH(A15,Parts!$A$6:$A$45,0)),0)) | I15: =IF(A15="","",SUMIFS('Tray log'!$J$7:$J$306,'Tray log'!$F$7:$F$306,$A15,'Tray log'!$G$7:$G$306,$B15,'Tray log'!$H$7:$H$306,$C15,'Tray log'!$S$7:$S$306,IF($D15="Y","?*",""),'Tray log'!$Y$7:$Y$306,Report!$B$7)+SUMIFS('Tray log'!$N$7:$N$306,'Tray log'!$K$7:$K$306,$A15,'Tray log'!$L$7:$L$306,$B15,'Tray log'!$M$7:$M$306,$C15,'Tray log'!$S$7:$S$306,IF($D15="Y","?*",""),'Tray log'!$Y$7:$Y$306,Report!$B$7)) | J15: =IF(OR(A15="",COUNTIFS('Tray log'!$F$7:$F$306,$A15,'Tray log'!$G$7:$G$306,$B15,'Tray log'!$H$7:$H$306,$C15,'Tray log'!$S$7:$S$306,IF($D15="Y","?*",""))=0),"",_xlfn.MINIFS('Tray log'!$E$7:$E$306,'Tray log'!$F$7:$F$306,$A15,'Tray log'!$G$7:$G$306,$B15,'Tray log'!$H$7:$H$306,$C15,'Tray log'!$S$7:$S$306,IF($D15="Y","?*",""))) | K15: =IF(OR(A15="",COUNTIFS('Tray log'!$F$7:$F$306,$A15,'Tray log'!$G$7:$G$306,$B15,'Tray log'!$H$7:$H$306,$C15,'Tray log'!$S$7:$S$306,IF($D15="Y","?*",""))=0),"",_xlfn.MAXIFS('Tray log'!$W$7:$W$306,'Tray log'!$F$7:$F$306,$A15,'Tray log'!$G$7:$G$306,$B15,'Tray log'!$H$7:$H$306,$C15,'Tray log'!$S$7:$S$306,IF($D15="Y","?*",""))) | M15: =IF(OR(L15="",K15=""),"",ROUND((L15-K15)*1440,0)) | O15: =IF(OR(N15="",N(H15)=0),"",N15/H15-1) | P15: =IF(A15="","",IF(F15=0,"no tray in the log; ","")&IF(E15="","part not on the Parts sheet; ","")&IF(OR(B15="",C15=""),"batch / heat missing (type N/A if not available); ","")&IF(M15="","",IF(ABS(M15)>Settings!$B$11,"exit differs from the calculated time; ",""))&IF(AND(L15<>"",L15<J15),"actual exit before the entry; ",""))
E16: =IF(A16="","",IFERROR(INDEX(Parts!$C$6:$C$45,MATCH(A16,Parts!$A$6:$A$45,0)),"")) | F16: =IF(A16="","",COUNTIFS('Tray log'!$F$7:$F$306,$A16,'Tray log'!$G$7:$G$306,$B16,'Tray log'!$H$7:$H$306,$C16,'Tray log'!$S$7:$S$306,IF($D16="Y","?*",""))+COUNTIFS('Tray log'!$K$7:$K$306,$A16,'Tray log'!$L$7:$L$306,$B16,'Tray log'!$M$7:$M$306,$C16,'Tray log'!$S$7:$S$306,IF($D16="Y","?*",""))) | G16: =IF(A16="","",SUMIFS('Tray log'!$J$7:$J$306,'Tray log'!$F$7:$F$306,$A16,'Tray log'!$G$7:$G$306,$B16,'Tray log'!$H$7:$H$306,$C16,'Tray log'!$S$7:$S$306,IF($D16="Y","?*",""))+SUMIFS('Tray log'!$N$7:$N$306,'Tray log'!$K$7:$K$306,$A16,'Tray log'!$L$7:$L$306,$B16,'Tray log'!$M$7:$M$306,$C16,'Tray log'!$S$7:$S$306,IF($D16="Y","?*",""))) | H16: =IF(A16="","",G16*IFERROR(INDEX(Parts!$F$6:$F$45,MATCH(A16,Parts!$A$6:$A$45,0)),0)) | I16: =IF(A16="","",SUMIFS('Tray log'!$J$7:$J$306,'Tray log'!$F$7:$F$306,$A16,'Tray log'!$G$7:$G$306,$B16,'Tray log'!$H$7:$H$306,$C16,'Tray log'!$S$7:$S$306,IF($D16="Y","?*",""),'Tray log'!$Y$7:$Y$306,Report!$B$7)+SUMIFS('Tray log'!$N$7:$N$306,'Tray log'!$K$7:$K$306,$A16,'Tray log'!$L$7:$L$306,$B16,'Tray log'!$M$7:$M$306,$C16,'Tray log'!$S$7:$S$306,IF($D16="Y","?*",""),'Tray log'!$Y$7:$Y$306,Report!$B$7)) | J16: =IF(OR(A16="",COUNTIFS('Tray log'!$F$7:$F$306,$A16,'Tray log'!$G$7:$G$306,$B16,'Tray log'!$H$7:$H$306,$C16,'Tray log'!$S$7:$S$306,IF($D16="Y","?*",""))=0),"",_xlfn.MINIFS('Tray log'!$E$7:$E$306,'Tray log'!$F$7:$F$306,$A16,'Tray log'!$G$7:$G$306,$B16,'Tray log'!$H$7:$H$306,$C16,'Tray log'!$S$7:$S$306,IF($D16="Y","?*",""))) | K16: =IF(OR(A16="",COUNTIFS('Tray log'!$F$7:$F$306,$A16,'Tray log'!$G$7:$G$306,$B16,'Tray log'!$H$7:$H$306,$C16,'Tray log'!$S$7:$S$306,IF($D16="Y","?*",""))=0),"",_xlfn.MAXIFS('Tray log'!$W$7:$W$306,'Tray log'!$F$7:$F$306,$A16,'Tray log'!$G$7:$G$306,$B16,'Tray log'!$H$7:$H$306,$C16,'Tray log'!$S$7:$S$306,IF($D16="Y","?*",""))) | M16: =IF(OR(L16="",K16=""),"",ROUND((L16-K16)*1440,0)) | O16: =IF(OR(N16="",N(H16)=0),"",N16/H16-1) | P16: =IF(A16="","",IF(F16=0,"no tray in the log; ","")&IF(E16="","part not on the Parts sheet; ","")&IF(OR(B16="",C16=""),"batch / heat missing (type N/A if not available); ","")&IF(M16="","",IF(ABS(M16)>Settings!$B$11,"exit differs from the calculated time; ",""))&IF(AND(L16<>"",L16<J16),"actual exit before the entry; ",""))
E17: =IF(A17="","",IFERROR(INDEX(Parts!$C$6:$C$45,MATCH(A17,Parts!$A$6:$A$45,0)),"")) | F17: =IF(A17="","",COUNTIFS('Tray log'!$F$7:$F$306,$A17,'Tray log'!$G$7:$G$306,$B17,'Tray log'!$H$7:$H$306,$C17,'Tray log'!$S$7:$S$306,IF($D17="Y","?*",""))+COUNTIFS('Tray log'!$K$7:$K$306,$A17,'Tray log'!$L$7:$L$306,$B17,'Tray log'!$M$7:$M$306,$C17,'Tray log'!$S$7:$S$306,IF($D17="Y","?*",""))) | G17: =IF(A17="","",SUMIFS('Tray log'!$J$7:$J$306,'Tray log'!$F$7:$F$306,$A17,'Tray log'!$G$7:$G$306,$B17,'Tray log'!$H$7:$H$306,$C17,'Tray log'!$S$7:$S$306,IF($D17="Y","?*",""))+SUMIFS('Tray log'!$N$7:$N$306,'Tray log'!$K$7:$K$306,$A17,'Tray log'!$L$7:$L$306,$B17,'Tray log'!$M$7:$M$306,$C17,'Tray log'!$S$7:$S$306,IF($D17="Y","?*",""))) | H17: =IF(A17="","",G17*IFERROR(INDEX(Parts!$F$6:$F$45,MATCH(A17,Parts!$A$6:$A$45,0)),0)) | I17: =IF(A17="","",SUMIFS('Tray log'!$J$7:$J$306,'Tray log'!$F$7:$F$306,$A17,'Tray log'!$G$7:$G$306,$B17,'Tray log'!$H$7:$H$306,$C17,'Tray log'!$S$7:$S$306,IF($D17="Y","?*",""),'Tray log'!$Y$7:$Y$306,Report!$B$7)+SUMIFS('Tray log'!$N$7:$N$306,'Tray log'!$K$7:$K$306,$A17,'Tray log'!$L$7:$L$306,$B17,'Tray log'!$M$7:$M$306,$C17,'Tray log'!$S$7:$S$306,IF($D17="Y","?*",""),'Tray log'!$Y$7:$Y$306,Report!$B$7)) | J17: =IF(OR(A17="",COUNTIFS('Tray log'!$F$7:$F$306,$A17,'Tray log'!$G$7:$G$306,$B17,'Tray log'!$H$7:$H$306,$C17,'Tray log'!$S$7:$S$306,IF($D17="Y","?*",""))=0),"",_xlfn.MINIFS('Tray log'!$E$7:$E$306,'Tray log'!$F$7:$F$306,$A17,'Tray log'!$G$7:$G$306,$B17,'Tray log'!$H$7:$H$306,$C17,'Tray log'!$S$7:$S$306,IF($D17="Y","?*",""))) | K17: =IF(OR(A17="",COUNTIFS('Tray log'!$F$7:$F$306,$A17,'Tray log'!$G$7:$G$306,$B17,'Tray log'!$H$7:$H$306,$C17,'Tray log'!$S$7:$S$306,IF($D17="Y","?*",""))=0),"",_xlfn.MAXIFS('Tray log'!$W$7:$W$306,'Tray log'!$F$7:$F$306,$A17,'Tray log'!$G$7:$G$306,$B17,'Tray log'!$H$7:$H$306,$C17,'Tray log'!$S$7:$S$306,IF($D17="Y","?*",""))) | M17: =IF(OR(L17="",K17=""),"",ROUND((L17-K17)*1440,0)) | O17: =IF(OR(N17="",N(H17)=0),"",N17/H17-1) | P17: =IF(A17="","",IF(F17=0,"no tray in the log; ","")&IF(E17="","part not on the Parts sheet; ","")&IF(OR(B17="",C17=""),"batch / heat missing (type N/A if not available); ","")&IF(M17="","",IF(ABS(M17)>Settings!$B$11,"exit differs from the calculated time; ",""))&IF(AND(L17<>"",L17<J17),"actual exit before the entry; ",""))
E18: =IF(A18="","",IFERROR(INDEX(Parts!$C$6:$C$45,MATCH(A18,Parts!$A$6:$A$45,0)),"")) | F18: =IF(A18="","",COUNTIFS('Tray log'!$F$7:$F$306,$A18,'Tray log'!$G$7:$G$306,$B18,'Tray log'!$H$7:$H$306,$C18,'Tray log'!$S$7:$S$306,IF($D18="Y","?*",""))+COUNTIFS('Tray log'!$K$7:$K$306,$A18,'Tray log'!$L$7:$L$306,$B18,'Tray log'!$M$7:$M$306,$C18,'Tray log'!$S$7:$S$306,IF($D18="Y","?*",""))) | G18: =IF(A18="","",SUMIFS('Tray log'!$J$7:$J$306,'Tray log'!$F$7:$F$306,$A18,'Tray log'!$G$7:$G$306,$B18,'Tray log'!$H$7:$H$306,$C18,'Tray log'!$S$7:$S$306,IF($D18="Y","?*",""))+SUMIFS('Tray log'!$N$7:$N$306,'Tray log'!$K$7:$K$306,$A18,'Tray log'!$L$7:$L$306,$B18,'Tray log'!$M$7:$M$306,$C18,'Tray log'!$S$7:$S$306,IF($D18="Y","?*",""))) | H18: =IF(A18="","",G18*IFERROR(INDEX(Parts!$F$6:$F$45,MATCH(A18,Parts!$A$6:$A$45,0)),0)) | I18: =IF(A18="","",SUMIFS('Tray log'!$J$7:$J$306,'Tray log'!$F$7:$F$306,$A18,'Tray log'!$G$7:$G$306,$B18,'Tray log'!$H$7:$H$306,$C18,'Tray log'!$S$7:$S$306,IF($D18="Y","?*",""),'Tray log'!$Y$7:$Y$306,Report!$B$7)+SUMIFS('Tray log'!$N$7:$N$306,'Tray log'!$K$7:$K$306,$A18,'Tray log'!$L$7:$L$306,$B18,'Tray log'!$M$7:$M$306,$C18,'Tray log'!$S$7:$S$306,IF($D18="Y","?*",""),'Tray log'!$Y$7:$Y$306,Report!$B$7)) | J18: =IF(OR(A18="",COUNTIFS('Tray log'!$F$7:$F$306,$A18,'Tray log'!$G$7:$G$306,$B18,'Tray log'!$H$7:$H$306,$C18,'Tray log'!$S$7:$S$306,IF($D18="Y","?*",""))=0),"",_xlfn.MINIFS('Tray log'!$E$7:$E$306,'Tray log'!$F$7:$F$306,$A18,'Tray log'!$G$7:$G$306,$B18,'Tray log'!$H$7:$H$306,$C18,'Tray log'!$S$7:$S$306,IF($D18="Y","?*",""))) | K18: =IF(OR(A18="",COUNTIFS('Tray log'!$F$7:$F$306,$A18,'Tray log'!$G$7:$G$306,$B18,'Tray log'!$H$7:$H$306,$C18,'Tray log'!$S$7:$S$306,IF($D18="Y","?*",""))=0),"",_xlfn.MAXIFS('Tray log'!$W$7:$W$306,'Tray log'!$F$7:$F$306,$A18,'Tray log'!$G$7:$G$306,$B18,'Tray log'!$H$7:$H$306,$C18,'Tray log'!$S$7:$S$306,IF($D18="Y","?*",""))) | M18: =IF(OR(L18="",K18=""),"",ROUND((L18-K18)*1440,0)) | O18: =IF(OR(N18="",N(H18)=0),"",N18/H18-1) | P18: =IF(A18="","",IF(F18=0,"no tray in the log; ","")&IF(E18="","part not on the Parts sheet; ","")&IF(OR(B18="",C18=""),"batch / heat missing (type N/A if not available); ","")&IF(M18="","",IF(ABS(M18)>Settings!$B$11,"exit differs from the calculated time; ",""))&IF(AND(L18<>"",L18<J18),"actual exit before the entry; ",""))
E19: =IF(A19="","",IFERROR(INDEX(Parts!$C$6:$C$45,MATCH(A19,Parts!$A$6:$A$45,0)),"")) | F19: =IF(A19="","",COUNTIFS('Tray log'!$F$7:$F$306,$A19,'Tray log'!$G$7:$G$306,$B19,'Tray log'!$H$7:$H$306,$C19,'Tray log'!$S$7:$S$306,IF($D19="Y","?*",""))+COUNTIFS('Tray log'!$K$7:$K$306,$A19,'Tray log'!$L$7:$L$306,$B19,'Tray log'!$M$7:$M$306,$C19,'Tray log'!$S$7:$S$306,IF($D19="Y","?*",""))) | G19: =IF(A19="","",SUMIFS('Tray log'!$J$7:$J$306,'Tray log'!$F$7:$F$306,$A19,'Tray log'!$G$7:$G$306,$B19,'Tray log'!$H$7:$H$306,$C19,'Tray log'!$S$7:$S$306,IF($D19="Y","?*",""))+SUMIFS('Tray log'!$N$7:$N$306,'Tray log'!$K$7:$K$306,$A19,'Tray log'!$L$7:$L$306,$B19,'Tray log'!$M$7:$M$306,$C19,'Tray log'!$S$7:$S$306,IF($D19="Y","?*",""))) | H19: =IF(A19="","",G19*IFERROR(INDEX(Parts!$F$6:$F$45,MATCH(A19,Parts!$A$6:$A$45,0)),0)) | I19: =IF(A19="","",SUMIFS('Tray log'!$J$7:$J$306,'Tray log'!$F$7:$F$306,$A19,'Tray log'!$G$7:$G$306,$B19,'Tray log'!$H$7:$H$306,$C19,'Tray log'!$S$7:$S$306,IF($D19="Y","?*",""),'Tray log'!$Y$7:$Y$306,Report!$B$7)+SUMIFS('Tray log'!$N$7:$N$306,'Tray log'!$K$7:$K$306,$A19,'Tray log'!$L$7:$L$306,$B19,'Tray log'!$M$7:$M$306,$C19,'Tray log'!$S$7:$S$306,IF($D19="Y","?*",""),'Tray log'!$Y$7:$Y$306,Report!$B$7)) | J19: =IF(OR(A19="",COUNTIFS('Tray log'!$F$7:$F$306,$A19,'Tray log'!$G$7:$G$306,$B19,'Tray log'!$H$7:$H$306,$C19,'Tray log'!$S$7:$S$306,IF($D19="Y","?*",""))=0),"",_xlfn.MINIFS('Tray log'!$E$7:$E$306,'Tray log'!$F$7:$F$306,$A19,'Tray log'!$G$7:$G$306,$B19,'Tray log'!$H$7:$H$306,$C19,'Tray log'!$S$7:$S$306,IF($D19="Y","?*",""))) | K19: =IF(OR(A19="",COUNTIFS('Tray log'!$F$7:$F$306,$A19,'Tray log'!$G$7:$G$306,$B19,'Tray log'!$H$7:$H$306,$C19,'Tray log'!$S$7:$S$306,IF($D19="Y","?*",""))=0),"",_xlfn.MAXIFS('Tray log'!$W$7:$W$306,'Tray log'!$F$7:$F$306,$A19,'Tray log'!$G$7:$G$306,$B19,'Tray log'!$H$7:$H$306,$C19,'Tray log'!$S$7:$S$306,IF($D19="Y","?*",""))) | M19: =IF(OR(L19="",K19=""),"",ROUND((L19-K19)*1440,0)) | O19: =IF(OR(N19="",N(H19)=0),"",N19/H19-1) | P19: =IF(A19="","",IF(F19=0,"no tray in the log; ","")&IF(E19="","part not on the Parts sheet; ","")&IF(OR(B19="",C19=""),"batch / heat missing (type N/A if not available); ","")&IF(M19="","",IF(ABS(M19)>Settings!$B$11,"exit differs from the calculated time; ",""))&IF(AND(L19<>"",L19<J19),"actual exit before the entry; ",""))
E20: =IF(A20="","",IFERROR(INDEX(Parts!$C$6:$C$45,MATCH(A20,Parts!$A$6:$A$45,0)),"")) | F20: =IF(A20="","",COUNTIFS('Tray log'!$F$7:$F$306,$A20,'Tray log'!$G$7:$G$306,$B20,'Tray log'!$H$7:$H$306,$C20,'Tray log'!$S$7:$S$306,IF($D20="Y","?*",""))+COUNTIFS('Tray log'!$K$7:$K$306,$A20,'Tray log'!$L$7:$L$306,$B20,'Tray log'!$M$7:$M$306,$C20,'Tray log'!$S$7:$S$306,IF($D20="Y","?*",""))) | G20: =IF(A20="","",SUMIFS('Tray log'!$J$7:$J$306,'Tray log'!$F$7:$F$306,$A20,'Tray log'!$G$7:$G$306,$B20,'Tray log'!$H$7:$H$306,$C20,'Tray log'!$S$7:$S$306,IF($D20="Y","?*",""))+SUMIFS('Tray log'!$N$7:$N$306,'Tray log'!$K$7:$K$306,$A20,'Tray log'!$L$7:$L$306,$B20,'Tray log'!$M$7:$M$306,$C20,'Tray log'!$S$7:$S$306,IF($D20="Y","?*",""))) | H20: =IF(A20="","",G20*IFERROR(INDEX(Parts!$F$6:$F$45,MATCH(A20,Parts!$A$6:$A$45,0)),0)) | I20: =IF(A20="","",SUMIFS('Tray log'!$J$7:$J$306,'Tray log'!$F$7:$F$306,$A20,'Tray log'!$G$7:$G$306,$B20,'Tray log'!$H$7:$H$306,$C20,'Tray log'!$S$7:$S$306,IF($D20="Y","?*",""),'Tray log'!$Y$7:$Y$306,Report!$B$7)+SUMIFS('Tray log'!$N$7:$N$306,'Tray log'!$K$7:$K$306,$A20,'Tray log'!$L$7:$L$306,$B20,'Tray log'!$M$7:$M$306,$C20,'Tray log'!$S$7:$S$306,IF($D20="Y","?*",""),'Tray log'!$Y$7:$Y$306,Report!$B$7)) | J20: =IF(OR(A20="",COUNTIFS('Tray log'!$F$7:$F$306,$A20,'Tray log'!$G$7:$G$306,$B20,'Tray log'!$H$7:$H$306,$C20,'Tray log'!$S$7:$S$306,IF($D20="Y","?*",""))=0),"",_xlfn.MINIFS('Tray log'!$E$7:$E$306,'Tray log'!$F$7:$F$306,$A20,'Tray log'!$G$7:$G$306,$B20,'Tray log'!$H$7:$H$306,$C20,'Tray log'!$S$7:$S$306,IF($D20="Y","?*",""))) | K20: =IF(OR(A20="",COUNTIFS('Tray log'!$F$7:$F$306,$A20,'Tray log'!$G$7:$G$306,$B20,'Tray log'!$H$7:$H$306,$C20,'Tray log'!$S$7:$S$306,IF($D20="Y","?*",""))=0),"",_xlfn.MAXIFS('Tray log'!$W$7:$W$306,'Tray log'!$F$7:$F$306,$A20,'Tray log'!$G$7:$G$306,$B20,'Tray log'!$H$7:$H$306,$C20,'Tray log'!$S$7:$S$306,IF($D20="Y","?*",""))) | M20: =IF(OR(L20="",K20=""),"",ROUND((L20-K20)*1440,0)) | O20: =IF(OR(N20="",N(H20)=0),"",N20/H20-1) | P20: =IF(A20="","",IF(F20=0,"no tray in the log; ","")&IF(E20="","part not on the Parts sheet; ","")&IF(OR(B20="",C20=""),"batch / heat missing (type N/A if not available); ","")&IF(M20="","",IF(ABS(M20)>Settings!$B$11,"exit differs from the calculated time; ",""))&IF(AND(L20<>"",L20<J20),"actual exit before the entry; ",""))
E21: =IF(A21="","",IFERROR(INDEX(Parts!$C$6:$C$45,MATCH(A21,Parts!$A$6:$A$45,0)),"")) | F21: =IF(A21="","",COUNTIFS('Tray log'!$F$7:$F$306,$A21,'Tray log'!$G$7:$G$306,$B21,'Tray log'!$H$7:$H$306,$C21,'Tray log'!$S$7:$S$306,IF($D21="Y","?*",""))+COUNTIFS('Tray log'!$K$7:$K$306,$A21,'Tray log'!$L$7:$L$306,$B21,'Tray log'!$M$7:$M$306,$C21,'Tray log'!$S$7:$S$306,IF($D21="Y","?*",""))) | G21: =IF(A21="","",SUMIFS('Tray log'!$J$7:$J$306,'Tray log'!$F$7:$F$306,$A21,'Tray log'!$G$7:$G$306,$B21,'Tray log'!$H$7:$H$306,$C21,'Tray log'!$S$7:$S$306,IF($D21="Y","?*",""))+SUMIFS('Tray log'!$N$7:$N$306,'Tray log'!$K$7:$K$306,$A21,'Tray log'!$L$7:$L$306,$B21,'Tray log'!$M$7:$M$306,$C21,'Tray log'!$S$7:$S$306,IF($D21="Y","?*",""))) | H21: =IF(A21="","",G21*IFERROR(INDEX(Parts!$F$6:$F$45,MATCH(A21,Parts!$A$6:$A$45,0)),0)) | I21: =IF(A21="","",SUMIFS('Tray log'!$J$7:$J$306,'Tray log'!$F$7:$F$306,$A21,'Tray log'!$G$7:$G$306,$B21,'Tray log'!$H$7:$H$306,$C21,'Tray log'!$S$7:$S$306,IF($D21="Y","?*",""),'Tray log'!$Y$7:$Y$306,Report!$B$7)+SUMIFS('Tray log'!$N$7:$N$306,'Tray log'!$K$7:$K$306,$A21,'Tray log'!$L$7:$L$306,$B21,'Tray log'!$M$7:$M$306,$C21,'Tray log'!$S$7:$S$306,IF($D21="Y","?*",""),'Tray log'!$Y$7:$Y$306,Report!$B$7)) | J21: =IF(OR(A21="",COUNTIFS('Tray log'!$F$7:$F$306,$A21,'Tray log'!$G$7:$G$306,$B21,'Tray log'!$H$7:$H$306,$C21,'Tray log'!$S$7:$S$306,IF($D21="Y","?*",""))=0),"",_xlfn.MINIFS('Tray log'!$E$7:$E$306,'Tray log'!$F$7:$F$306,$A21,'Tray log'!$G$7:$G$306,$B21,'Tray log'!$H$7:$H$306,$C21,'Tray log'!$S$7:$S$306,IF($D21="Y","?*",""))) | K21: =IF(OR(A21="",COUNTIFS('Tray log'!$F$7:$F$306,$A21,'Tray log'!$G$7:$G$306,$B21,'Tray log'!$H$7:$H$306,$C21,'Tray log'!$S$7:$S$306,IF($D21="Y","?*",""))=0),"",_xlfn.MAXIFS('Tray log'!$W$7:$W$306,'Tray log'!$F$7:$F$306,$A21,'Tray log'!$G$7:$G$306,$B21,'Tray log'!$H$7:$H$306,$C21,'Tray log'!$S$7:$S$306,IF($D21="Y","?*",""))) | M21: =IF(OR(L21="",K21=""),"",ROUND((L21-K21)*1440,0)) | O21: =IF(OR(N21="",N(H21)=0),"",N21/H21-1) | P21: =IF(A21="","",IF(F21=0,"no tray in the log; ","")&IF(E21="","part not on the Parts sheet; ","")&IF(OR(B21="",C21=""),"batch / heat missing (type N/A if not available); ","")&IF(M21="","",IF(ABS(M21)>Settings!$B$11,"exit differs from the calculated time; ",""))&IF(AND(L21<>"",L21<J21),"actual exit before the entry; ",""))
E22: =IF(A22="","",IFERROR(INDEX(Parts!$C$6:$C$45,MATCH(A22,Parts!$A$6:$A$45,0)),"")) | F22: =IF(A22="","",COUNTIFS('Tray log'!$F$7:$F$306,$A22,'Tray log'!$G$7:$G$306,$B22,'Tray log'!$H$7:$H$306,$C22,'Tray log'!$S$7:$S$306,IF($D22="Y","?*",""))+COUNTIFS('Tray log'!$K$7:$K$306,$A22,'Tray log'!$L$7:$L$306,$B22,'Tray log'!$M$7:$M$306,$C22,'Tray log'!$S$7:$S$306,IF($D22="Y","?*",""))) | G22: =IF(A22="","",SUMIFS('Tray log'!$J$7:$J$306,'Tray log'!$F$7:$F$306,$A22,'Tray log'!$G$7:$G$306,$B22,'Tray log'!$H$7:$H$306,$C22,'Tray log'!$S$7:$S$306,IF($D22="Y","?*",""))+SUMIFS('Tray log'!$N$7:$N$306,'Tray log'!$K$7:$K$306,$A22,'Tray log'!$L$7:$L$306,$B22,'Tray log'!$M$7:$M$306,$C22,'Tray log'!$S$7:$S$306,IF($D22="Y","?*",""))) | H22: =IF(A22="","",G22*IFERROR(INDEX(Parts!$F$6:$F$45,MATCH(A22,Parts!$A$6:$A$45,0)),0)) | I22: =IF(A22="","",SUMIFS('Tray log'!$J$7:$J$306,'Tray log'!$F$7:$F$306,$A22,'Tray log'!$G$7:$G$306,$B22,'Tray log'!$H$7:$H$306,$C22,'Tray log'!$S$7:$S$306,IF($D22="Y","?*",""),'Tray log'!$Y$7:$Y$306,Report!$B$7)+SUMIFS('Tray log'!$N$7:$N$306,'Tray log'!$K$7:$K$306,$A22,'Tray log'!$L$7:$L$306,$B22,'Tray log'!$M$7:$M$306,$C22,'Tray log'!$S$7:$S$306,IF($D22="Y","?*",""),'Tray log'!$Y$7:$Y$306,Report!$B$7)) | J22: =IF(OR(A22="",COUNTIFS('Tray log'!$F$7:$F$306,$A22,'Tray log'!$G$7:$G$306,$B22,'Tray log'!$H$7:$H$306,$C22,'Tray log'!$S$7:$S$306,IF($D22="Y","?*",""))=0),"",_xlfn.MINIFS('Tray log'!$E$7:$E$306,'Tray log'!$F$7:$F$306,$A22,'Tray log'!$G$7:$G$306,$B22,'Tray log'!$H$7:$H$306,$C22,'Tray log'!$S$7:$S$306,IF($D22="Y","?*",""))) | K22: =IF(OR(A22="",COUNTIFS('Tray log'!$F$7:$F$306,$A22,'Tray log'!$G$7:$G$306,$B22,'Tray log'!$H$7:$H$306,$C22,'Tray log'!$S$7:$S$306,IF($D22="Y","?*",""))=0),"",_xlfn.MAXIFS('Tray log'!$W$7:$W$306,'Tray log'!$F$7:$F$306,$A22,'Tray log'!$G$7:$G$306,$B22,'Tray log'!$H$7:$H$306,$C22,'Tray log'!$S$7:$S$306,IF($D22="Y","?*",""))) | M22: =IF(OR(L22="",K22=""),"",ROUND((L22-K22)*1440,0)) | O22: =IF(OR(N22="",N(H22)=0),"",N22/H22-1) | P22: =IF(A22="","",IF(F22=0,"no tray in the log; ","")&IF(E22="","part not on the Parts sheet; ","")&IF(OR(B22="",C22=""),"batch / heat missing (type N/A if not available); ","")&IF(M22="","",IF(ABS(M22)>Settings!$B$11,"exit differs from the calculated time; ",""))&IF(AND(L22<>"",L22<J22),"actual exit before the entry; ",""))
E23: =IF(A23="","",IFERROR(INDEX(Parts!$C$6:$C$45,MATCH(A23,Parts!$A$6:$A$45,0)),"")) | F23: =IF(A23="","",COUNTIFS('Tray log'!$F$7:$F$306,$A23,'Tray log'!$G$7:$G$306,$B23,'Tray log'!$H$7:$H$306,$C23,'Tray log'!$S$7:$S$306,IF($D23="Y","?*",""))+COUNTIFS('Tray log'!$K$7:$K$306,$A23,'Tray log'!$L$7:$L$306,$B23,'Tray log'!$M$7:$M$306,$C23,'Tray log'!$S$7:$S$306,IF($D23="Y","?*",""))) | G23: =IF(A23="","",SUMIFS('Tray log'!$J$7:$J$306,'Tray log'!$F$7:$F$306,$A23,'Tray log'!$G$7:$G$306,$B23,'Tray log'!$H$7:$H$306,$C23,'Tray log'!$S$7:$S$306,IF($D23="Y","?*",""))+SUMIFS('Tray log'!$N$7:$N$306,'Tray log'!$K$7:$K$306,$A23,'Tray log'!$L$7:$L$306,$B23,'Tray log'!$M$7:$M$306,$C23,'Tray log'!$S$7:$S$306,IF($D23="Y","?*",""))) | H23: =IF(A23="","",G23*IFERROR(INDEX(Parts!$F$6:$F$45,MATCH(A23,Parts!$A$6:$A$45,0)),0)) | I23: =IF(A23="","",SUMIFS('Tray log'!$J$7:$J$306,'Tray log'!$F$7:$F$306,$A23,'Tray log'!$G$7:$G$306,$B23,'Tray log'!$H$7:$H$306,$C23,'Tray log'!$S$7:$S$306,IF($D23="Y","?*",""),'Tray log'!$Y$7:$Y$306,Report!$B$7)+SUMIFS('Tray log'!$N$7:$N$306,'Tray log'!$K$7:$K$306,$A23,'Tray log'!$L$7:$L$306,$B23,'Tray log'!$M$7:$M$306,$C23,'Tray log'!$S$7:$S$306,IF($D23="Y","?*",""),'Tray log'!$Y$7:$Y$306,Report!$B$7)) | J23: =IF(OR(A23="",COUNTIFS('Tray log'!$F$7:$F$306,$A23,'Tray log'!$G$7:$G$306,$B23,'Tray log'!$H$7:$H$306,$C23,'Tray log'!$S$7:$S$306,IF($D23="Y","?*",""))=0),"",_xlfn.MINIFS('Tray log'!$E$7:$E$306,'Tray log'!$F$7:$F$306,$A23,'Tray log'!$G$7:$G$306,$B23,'Tray log'!$H$7:$H$306,$C23,'Tray log'!$S$7:$S$306,IF($D23="Y","?*",""))) | K23: =IF(OR(A23="",COUNTIFS('Tray log'!$F$7:$F$306,$A23,'Tray log'!$G$7:$G$306,$B23,'Tray log'!$H$7:$H$306,$C23,'Tray log'!$S$7:$S$306,IF($D23="Y","?*",""))=0),"",_xlfn.MAXIFS('Tray log'!$W$7:$W$306,'Tray log'!$F$7:$F$306,$A23,'Tray log'!$G$7:$G$306,$B23,'Tray log'!$H$7:$H$306,$C23,'Tray log'!$S$7:$S$306,IF($D23="Y","?*",""))) | M23: =IF(OR(L23="",K23=""),"",ROUND((L23-K23)*1440,0)) | O23: =IF(OR(N23="",N(H23)=0),"",N23/H23-1) | P23: =IF(A23="","",IF(F23=0,"no tray in the log; ","")&IF(E23="","part not on the Parts sheet; ","")&IF(OR(B23="",C23=""),"batch / heat missing (type N/A if not available); ","")&IF(M23="","",IF(ABS(M23)>Settings!$B$11,"exit differs from the calculated time; ",""))&IF(AND(L23<>"",L23<J23),"actual exit before the entry; ",""))
... E66: =IF(A66="","",IFERROR(INDEX(Parts!$C$6:$C$45,MATCH(A66,Parts!$A$6:$A$45,0)),"")) | F66: =IF(A66="","",COUNTIFS('Tray log'!$F$7:$F$306,$A66,'Tray log'!$G$7:$G$306,$B66,'Tray log'!$H$7:$H$306,$C66,'Tray log'!$S$7:$S$306,IF($D66="Y","?*",""))+COUNTIFS('Tray log'!$K$7:$K$306,$A66,'Tray log'!$L$7:$L$306,$B66,'Tray log'!$M$7:$M$306,$C66,'Tray log'!$S$7:$S$306,IF($D66="Y","?*",""))) | G66: =IF(A66="","",SUMIFS('Tray log'!$J$7:$J$306,'Tray log'!$F$7:$F$306,$A66,'Tray log'!$G$7:$G$306,$B66,'Tray log'!$H$7:$H$306,$C66,'Tray log'!$S$7:$S$306,IF($D66="Y","?*",""))+SUMIFS('Tray log'!$N$7:$N$306,'Tray log'!$K$7:$K$306,$A66,'Tray log'!$L$7:$L$306,$B66,'Tray log'!$M$7:$M$306,$C66,'Tray log'!$S$7:$S$306,IF($D66="Y","?*",""))) | H66: =IF(A66="","",G66*IFERROR(INDEX(Parts!$F$6:$F$45,MATCH(A66,Parts!$A$6:$A$45,0)),0)) | I66: =IF(A66="","",SUMIFS('Tray log'!$J$7:$J$306,'Tray log'!$F$7:$F$306,$A66,'Tray log'!$G$7:$G$306,$B66,'Tray log'!$H$7:$H$306,$C66,'Tray log'!$S$7:$S$306,IF($D66="Y","?*",""),'Tray log'!$Y$7:$Y$306,Report!$B$7)+SUMIFS('Tray log'!$N$7:$N$306,'Tray log'!$K$7:$K$306,$A66,'Tray log'!$L$7:$L$306,$B66,'Tray log'!$M$7:$M$306,$C66,'Tray log'!$S$7:$S$306,IF($D66="Y","?*",""),'Tray log'!$Y$7:$Y$306,Report!$B$7)) | J66: =IF(OR(A66="",COUNTIFS('Tray log'!$F$7:$F$306,$A66,'Tray log'!$G$7:$G$306,$B66,'Tray log'!$H$7:$H$306,$C66,'Tray log'!$S$7:$S$306,IF($D66="Y","?*",""))=0),"",_xlfn.MINIFS('Tray log'!$E$7:$E$306,'Tray log'!$F$7:$F$306,$A66,'Tray log'!$G$7:$G$306,$B66,'Tray log'!$H$7:$H$306,$C66,'Tray log'!$S$7:$S$306,IF($D66="Y","?*",""))) | K66: =IF(OR(A66="",COUNTIFS('Tray log'!$F$7:$F$306,$A66,'Tray log'!$G$7:$G$306,$B66,'Tray log'!$H$7:$H$306,$C66,'Tray log'!$S$7:$S$306,IF($D66="Y","?*",""))=0),"",_xlfn.MAXIFS('Tray log'!$W$7:$W$306,'Tray log'!$F$7:$F$306,$A66,'Tray log'!$G$7:$G$306,$B66,'Tray log'!$H$7:$H$306,$C66,'Tray log'!$S$7:$S$306,IF($D66="Y","?*",""))) | M66: =IF(OR(L66="",K66=""),"",ROUND((L66-K66)*1440,0)) | O66: =IF(OR(N66="",N(H66)=0),"",N66/H66-1) | P66: =IF(A66="","",IF(F66=0,"no tray in the log; ","")&IF(E66="","part not on the Parts sheet; ","")&IF(OR(B66="",C66=""),"batch / heat missing (type N/A if not available); ","")&IF(M66="","",IF(ABS(M66)>Settings!$B$11,"exit differs from the calculated time; ",""))&IF(AND(L66<>"",L66<J66),"actual exit before the entry; ",""))

Sheet Settings
A1: MASS WIRE AND STEELS PVT. LTD., BHIWADI
A2: Settings and lists
A3: Site rules used by the formulas. Confirm against the process specifications in force; change only with the HT Manager's approval.
A5: Setting | B5: Value | C5: Unit | D5: Source / note
A6: Production day starts at | B6: 0.33333333 | C6: hh:mm | D6: Plant rule: a tray counts in the day in which it leaves the tempering chamber, from 08:00 to 08:00 the next day.
A7: Hardening chamber tray positions | B7: 13 | C7: trays | D7: Plant layout (5 / 4 / 4 per zone). At each push the 13th tray leaves the hardening chamber.
A8: Tempering chamber tray positions | B8: 12 | C8: trays | D8: Plant layout (4 / 4 / 4 per zone). Leaves at the push that brings the 26th position.
A9: Transfer hardening → tempering (HT, normalizing) | B9: 18 | C9: min | D9: Measured and confirmed: push 9 min, out of hardening 06:03, into tempering 06:21.
A10: Maximum net load per tray | B10: 200 | C10: kg | D10: HK-grade cast trays, maximum 200 kg.
A11: Exit time tolerance (actual vs calculated) | B11: 5 | C11: min | D11: Site rule: a larger difference means the timing in the report is off (start, push, push changes, holds).
A13: Drop-down lists (add entries at the end of a column)
A14: Furnace | B14: Tray type | C14: Process | D14: Hold reason | E14: Parameter | F14: Zone
A15: F-01 | B15: Loaded | C15: HT | D15: Quench media out of limits | E15: Push time | F15: Zone 1
A16: F-02 | B16: Mixed | C16: IA | D16: Temperature excursion / alarm | E16: Hardening set value | F16: Zone 2
A17: F-03 | B17: Empty | C17: NORM | D17: Burner / flame failure | E17: Tempering set value | F17: Zone 3
A18: F-04 | D18: Power failure | E18: Controlled cooling | F18: All zones
D19: Pusher / extractor breakdown | E19: Quench (temperature / agitation)
D20: Controlled cooling fault | E20: Dip time
D21: Material not available | E21: Other
D22: Planned stop / maintenance
D23: Other

Sheet Parts
A1: MASS WIRE AND STEELS PVT. LTD., BHIWADI
A2: Parts and specifications in force
A3: One row per part: copy from the process specification in force (MWSPL-QP-SPEC-01). The tray log and the batches look the values up by part number.
A5: Part no. | B5: Part name | C5: Process (HT / IA / NORM) | D5: Specification (no. / rev) | E5: Pieces per tray | F5: Part weight (kg) | G5: Push time (min) | H5: Gap hardening → tempering (min) | I5: Hardening set Z1 / Z2 / Z3 (°C) | J5: Tempering set Z1 / Z2 / Z3 (°C) | K5: Note
A6: EX-1001 | B6: Example shaft | C6: HT | D6: PS-0001 rev 1 | E6: 60 | F6: 1.8 | G6: 9 | H6: =IF(A6="","",IF(C6="IA","enter cycle",Settings!$B$9)) -> 18 | I6: 840 / 870 / 870 | J6: 560 / 580 / 580 | K6: Example: oil quench on F-02.
A7: EX-2001 | B7: Example gear blank | C7: IA | D7: PS-0002 rev 0 | E7: 24 | F7: 3.5 | G7: 9 | H7: 7 | I7: 880 / 920 / 920 | J7: 640 / 650 / 650 | K7: Example: controlled cooling cycle 7 min (cooling + transfers) within the push.
A8: EX-3001 | B8: Example flange | C8: NORM | D8: PS-0003 rev 0 | E8: 30 | F8: 2.2 | G8: 9 | H8: =IF(A8="","",IF(C8="IA","enter cycle",Settings!$B$9)) -> 18 | I8: 720 / 740 / 740 | J8: 880 / 900 / 900 | K8: Example: preheat in the hardening chamber, austenitize in the tempering chamber.
H9: =IF(A9="","",IF(C9="IA","enter cycle",Settings!$B$9))
H10: =IF(A10="","",IF(C10="IA","enter cycle",Settings!$B$9))
H11: =IF(A11="","",IF(C11="IA","enter cycle",Settings!$B$9))
H12: =IF(A12="","",IF(C12="IA","enter cycle",Settings!$B$9))
H13: =IF(A13="","",IF(C13="IA","enter cycle",Settings!$B$9))
H14: =IF(A14="","",IF(C14="IA","enter cycle",Settings!$B$9))
H15: =IF(A15="","",IF(C15="IA","enter cycle",Settings!$B$9))
H16: =IF(A16="","",IF(C16="IA","enter cycle",Settings!$B$9))
H17: =IF(A17="","",IF(C17="IA","enter cycle",Settings!$B$9))
H18: =IF(A18="","",IF(C18="IA","enter cycle",Settings!$B$9))
H19: =IF(A19="","",IF(C19="IA","enter cycle",Settings!$B$9))
H20: =IF(A20="","",IF(C20="IA","enter cycle",Settings!$B$9))
... H45: =IF(A45="","",IF(C45="IA","enter cycle",Settings!$B$9))
